Date,Time,Game ID,SR,SR Finish,Delta,Streak #,Win/ Loss/Draw,My Team's SR,Enemy Team's SR,Delta,Teammate,,,,,,Enemy Team,,,,,,Map,Round,Cap Score,Score/ Distance,Time Left,D/A/CP,Length of Match,Character,,,Communication level,Note,Physicological condition,Elim,ObjKills,ObjTime,Dam,Heal,Death,Weapon Acc,KillStreak,Offensive Assists,Defensive Assists,Scoped
11/19/2017,Early Morning,1,2829,2804,-25,-1,L,2824,2796,-28,JustWingIt,DateMeB1tch,Nahchoz,Kriimz,PopEye,Sweatie,VineNoob,Tano,Sobra,BastionOnly,MoonDragon,Nankurunaisa,Horizon,1,2,,6:13,Defense,2.5,Zen,Lucio,,1,,TIlted,,,,,,,,,,,
11/19/2017,Early Morning,1,,,,-1,L,2824,2796,-28,JustWingIt,DateMeB1tch,Nahchoz,Kriimz,PopEye,Sweatie,VineNoob,Tano,Sobra,BastionOnly,MoonDragon,Nankurunaisa,Horizon,2,2,,0,Attack,8,Zen,Lucio,,1,,Meh,,,,,,,,,,,
11/19/2017,Early Morning,1,,,,-1,L,2824,2796,-28,JustWingIt,DateMeB1tch,Nahchoz,Kriimz,PopEye,Sweatie,VineNoob,Tano,Sobra,BastionOnly,MoonDragon,Nankurunaisa,Horizon,3,1,,2,Defense,,Mercy,,,1,,Meh,,,,,,,,,,,
11/19/2017,Early Morning,2,2804,2779,-25,-2,L,2821,2823,2,JustWingIt,Sivahawk,BossyCow,Spacetigermd,Dakaiser,SamKallday,Colgusstard,RilStylez,IgnoreObject,Krusher99,Foscam,TorbDaddy,Volskaya,1,2,,3:55,Attack,7,Zen,,,1,,,,,,,,,,,,,
11/19/2017,Early Morning,2,,,,-2,L,2821,2823,2,JustWingIt,Sivahawk,BossyCow,Spacetigermd,Dakaiser,SamKallday,Colgusstard,RilStylez,IgnoreObject,Krusher100,Foscam,TorbDaddy,Volskaya,2,2,,1:58,Defense,6,Zen,Lucio,,1,,,,,,,,,,,,,
11/19/2017,Early Morning,2,,,,-2,L,2821,2823,2,JustWingIt,Sivahawk,BossyCow,Spacetigermd,Dakaiser,SamKallday,Colgusstard,RilStylez,IgnoreObject,Krusher101,Foscam,TorbDaddy,Volskaya,3,2,,0,Defense,3,Zen,Lucio,,1,,,,,,,,,,,,,
11/19/2017,Early Morning,2,,,,-2,L,2821,2823,2,JustWingIt,Sivahawk,BossyCow,Spacetigermd,Dakaiser,SamKallday,Colgusstard,RilStylez,IgnoreObject,Krusher102,Foscam,TorbDaddy,Volskaya,4,0,,0,Attack,4,Ana,,,1,,,,,,,,,,,,,
11/19/2017,Early Morning,3,2779,2758,-21,-3,L,2783,2794,11,JustWingIt,Belmont,Nubbin,Redeem4,SilkMoney,Xcristoo,Sivhawk,BossyCow,Samkallday,Triza,Atomicspoon,NetZero,Lijang,2,0-2,ll,,CP,8.5,Lucio,,,,,,,,,,,,,,,,
11/19/2017,Early Morning,4,2758,2734,-24,-4,L,2750,2777,27,JustWingIt,Belmont,Avarice,Chips,LightMasterd,TwoBlunt,NoobzOrz,Baddaddy,Boosted,LuckyChris,NorthWest,SuperFinesse,Eichenwalde,1,1,,0,Attack,7,Lucio,,,,,,,,,,,,,,,,
11/19/2017,Early Morning,4,,,,-4,L,2750,2777,27,JustWingIt,Belmont,Avarice,Chips,LightMasterd,TwoBlunt,NoobzOrz,Baddaddy,Boosted,LuckyChris,NorthWest,SuperFinesse,Eichenwalde,2,2,,,Defense,,Ana,,,,,,,,,,,,,,,,
11/19/2017,Early Morning,5,2734,2706,-28,-5,L,2709,2717,8,JustWingIt,Proliferate,Noir,Atamisk,ToastySofa,Vagmesh69420,Crescendo,Vex,Watchurhp,DDay,Cinder,Swooo,Temple of Anubis,1,2,,2:28,Attack,5.5,Zen,Lucio,,,,,,,,,,,,,,,
11/19/2017,Early Morning,5,,,,-5,L,2709,2717,8,JustWingIt,Proliferate,Noir,Atamisk,ToastySofa,Vagmesh69421,Crescendo,Vex,Watchurhp,DDay,Cinder,Swooo,Temple of Anubis,2,2,,3:51,Defense,4,Ana,,,,,,,,,,,,,,,,
11/19/2017,Early Morning,5,,,,-5,L,2709,2717,8,JustWingIt,Proliferate,Noir,Atamisk,ToastySofa,Vagmesh69422,Crescendo,Vex,Watchurhp,DDay,Cinder,Swooo,Temple of Anubis,3,0,,0,Attack,2.5,Zen,Lucio,,,,,,,,,,,,,,,
11/19/2017,Early Morning,5,,,,-5,L,2709,2717,8,JustWingIt,Proliferate,Noir,Atamisk,ToastySofa,Vagmesh69423,Crescendo,Vex,Watchurhp,DDay,Cinder,Swooo,Temple of Anubis,4,1,,,Defense,,Mercy,,,,,,,,,,,,,,,,
11/19/2017,Early Morning,6,2706,2729,23,1,W,2712,2703,-9,JustWingIt,Bamnitro,Noun,Auskaraoke,Frontino,NtPressure,Alakam,RockyMtnFarm,Red,joeBearCabra,Jorinho,UncleChin,King's Row,1,3,70.19,2:53,Attack,5,Zen,,,,,,,,,,,,,,,,
11/19/2017,Early Morning,6,,,,1,W,2712,2703,-9,JustWingIt,Bamnitro,Noun,Auskaraoke,Frontino,NtPressure,Alakam,RockyMtnFarm,Red,joeBearCabra,Jorinho,UncleChin,King's Row,2,3,70.19,0,Defense,8,Zen,Lucio,,,,,,,,,,,,,,,
11/19/2017,Early Morning,6,,,,1,W,2712,2703,-9,JustWingIt,Bamnitro,Noun,Auskaraoke,Frontino,NtPressure,Alakam,RockyMtnFarm,Red,joeBearCabra,Jorinho,UncleChin,King's Row,3,1,,,Attack,,Lucio,,,,,,,,,,,,,,,,
11/19/2017,Early Morning,7,2729,2713,-16,-1,L,2715,2716,1,JustWingIt,Noun,Div1ne,GpA,Prosperity,TheJRG,IHateAllofU,Airborne,RogueViolet,Navok,Arma,D10100111001,Ilios,2,0-2,ll,,CP,7,Zen,Lucio,,,,,,,,,,,,,,,
11/19/2017,Early Morning,8,2713,2713,0,0,Draw,2715,2688,-27,JustWingIt,Div1ne,Polaris,GPA,SpaceTigerMD,Bloodborne,Noun,Mime,Jendex,Cookiez1727,Derpenor,Huister,Numbani,1,3,,0,Attack,8,Zen,Lucio,,,,,,,,,,,,,,,
11/19/2017,Early Morning,8,,,,0,Draw,2715,2688,-27,JustWingIt,Div1ne,Polaris,GPA,SpaceTigerMD,Bloodborne,Noun,Mime,Jendex,Cookiez1728,Derpenor,Huister,Numbani,2,3,,1.5,Defense,,Zen,,,,,,,,,,,,,,,,
11/19/2017,Early Morning,8,,,,0,Draw,2715,2688,-27,JustWingIt,Div1ne,Polaris,GPA,SpaceTigerMD,Bloodborne,Noun,Mime,Jendex,Cookiez1729,Derpenor,Huister,Numbani,3,0,,0,Defense,,Zen,,,,,,,,,,,,,,,,
11/19/2017,Night,9,2713,2690,-23,-2,L,2697,2693,-4,JustWingIt,Rustiispoon,Andilion,Kapoodle,Deadinside,Nipples69,FlamingPie82,Sunset,OdGrammy,Exodus,DeportWeabs,Hate2Pop,Temple of Anubis,1,1,,0,Attack,8,Zen,Lucio,,,,,,,,,,,,,,,
11/19/2017,Night,9,,,,-2,L,2697,2693,-4,JustWingIt,Rustiispoon,Andilion,Kapoodle,Deadinside,Nipples69,FlamingPie82,Sunset,OdGrammy,Exodus,DeportWeabs,Hate2Pop,Temple of Anubis,2,2,,,Defense,,Orisa,Mercy,,,,,,,,,,,,,,,
11/19/2017,Night,10,2690,2712,22,1,W,2685,2693,8,JustWingIt,Crohns,BignFluffy67,IeatBooty,LuckySocks,MmmFriedDough,Fade,KoreanGuy,BF3Magic,Chlorine,SadLittleBoy,YouMaobing,Volskaya,1,2,,4:44,Attack,4,Zen,,,,,,,,,,,,,,,,
11/19/2017,Night,10,,,,1,W,2685,2693,8,JustWingIt,Crohns,BignFluffy67,IeatBooty,LuckySocks,MmmFriedDough,Fade,KoreanGuy,BF3Magic,Chlorine,SadLittleBoy,YouMaobing,Volskaya,2,0,,0,Defense,4,Zen,,,,,,,,,,,,,,,,
11/19/2017,Night,11,2712,2735,23,2,W,2727,2709,-18,JustWingIt,Rlezzz,Studpuffin,EvilMattress,JimFlimming,TSPI,JPM,Soup,Solaris,AyePapi,Kuma,Senseicy,JunkerTown,1,3,101.94,1:26,Attack,6.5,Zen,Ana,,,,,,,,,,,,,,,
11/19/2017,Night,11,,,,2,W,2727,2709,-18,JustWingIt,Rlezzz,Studpuffin,EvilMattress,JimFlimming,TSPI,JPM,Soup,Solaris,AyePapi,Kuma,Senseicy,JunkerTown,2,0,,0,Defense,4,Zarya,,,,,,,,,,,,,,,,
11/19/2017,Night,12,2735,2761,26,3,W,2713,2691,-22,JustWingIt,Sabre,Murderer,Himea,ShyGhy,Pinoyretro,JuanSegx,Xontas,AfroSavage,Sudo,Cross,Jonesy,Lijang,2,2-0,ww,,CP,6.5,Lucio,,,,,,,,,,,,,,,,
11/19/2017,Night,13,2761,2738,-23,-1,L,2780,2772,-8,JustWingIt,CocoMelik,LoneOfficier,BibleHero,RoadhogOnly,Tenthree,Ellimist,Betty,OnlyNonMeta,BeHumble,ChzTurdz,Sitdown,Gibraltar,1,1,74.99,0,Defense,7,Zen,Ana,,,,,,,,,,,,,,,
11/19/2017,Night,13,,,,-1,L,2780,2772,-8,JustWingIt,CocoMelik,LoneOfficier,BibleHero,RoadhogOnly,Tenthree,Ellimist,Betty,OnlyNonMeta,BeHumble,ChzTurdz,Sitdown,Gibraltar,2,0,85.42,0,Attack,4,Ana,,,,,,,,,,,,,,,,
11/19/2017,Night,14,2738,2710,-28,-2,L,2709,2711,2,JustWingIt,Elecx,Akash,StrongSide,CocoMellik,HoldtheDoor,Zboy2Zman,Feyrez,Slumber,Joe45,Jaek,Kami,Dorado,1,0,84.75,0,Attack,4,Orisa,,,,,,,,,,,,,,,,
11/19/2017,Night,14,,,,-2,L,2709,2711,2,JustWingIt,Elecx,Akash,StrongSide,CocoMellik,HoldtheDoor,Zboy2Zman,Feyrez,Slumber,Joe46,Jaek,Kami,Dorado,2,1,84.76,2,Defense,2,Orisa,,,,,,,,,,,,,,,,
11/19/2017,Night,15,2710,2688,-22,-3,L,2711,2706,-5,JustWingIt,Smuglover,Cruzctrl,CBrayister,FatPeople,Mcorleone74,Frostine,Peegee69,Ysm,Wreq,ReportWidow,User,Hanamura,1,0,,0,Attack,4,Lucio,,,,,,,,,,,,,,,,
11/19/2017,Night,15,,,,-3,L,2711,2706,-5,JustWingIt,Smuglover,Cruzctrl,CBrayister,FatPeople,Mcorleone75,Frostine,Peegee70,Ysm,Wreq,ReportWidow,User,Hanamura,2,1,,2,Defense,2,Mercy,,,,,,,,,,,,,,,,
11/19/2017,Night,16,2688,2668,-20,-4,L,2697,2699,2,JustWingIt,BrutalSpark,Crispyxl,DragonsGhost,BanZang,Oyoyo,Trigox,Colossus,Vern,Rafaella,Suurgical,TheRailGun,Eichenwalde,1,1,40.49,0,Attack,8,Zen,Mercy,,,,,,,,,,,,,,,
11/19/2017,Night,16,,,,-4,L,2697,2699,2,JustWingIt,BrutalSpark,Crispyxl,DragonsGhost,BanZang,Oyoyo,Trigox,Colossus,Vern,Rafaella,Suurgical,TheRailGun,Eichenwalde,2,2,40.5,2,Defense,6,Ana,,,,,,,,,,,,,,,,
11/19/2017,Night,17,2668,2644,-24,-5,L,2648,2640,-8,JustWingIt,Coach,NightBlade,Dreamer,MuscleBaby,TacoTiger,Freedom,Swat,Starswayer,DieorElse,Roybotnik,Devyn,Ilios,2,0-2,ll,,CP,7.5,Ana,Mercy,,,,,,,,,,,,,,,
11/19/2017,Night,18,2644,2616,-28,-6,L,2660,2643,-17,JustWingIt,Dreamer,TheLastMoon,Greenster,Dduet,LethrBlaka,Porlahorda,Reported,Acwo,Snidzz,Erratic,Gigiez,Route 66,1,0,77.92,0,Attack,4,Zarya,,,,,,,,,,,,,,,,
11/19/2017,Night,18,,,,-6,L,2660,2643,-17,JustWingIt,Dreamer,TheLastMoon,Greenster,Dduet,LethrBlaka,Porlahorda,Reported,Acwo,Snidzz,Erratic,Gigiez,Route 66,2,1,77.93,0,Defense,5,Dva,,,,,,,,,,,,,,,,
11/19/2017,Night,19,2616,2589,-27,-7,L,2610,2591,-19,JustWingIt,Hoalt,TheLastMoon,Icarus,AtDynasty,CptnCrunch,Lucio,Corg,CidnightMare,Mortemodeus,Ados,Airotciv,Volskaya,1,2,,3:26,Attack,6,,,,,,,,,,,,,,,,,
11/19/2017,Night,19,,,,-7,L,2610,2591,-19,JustWingIt,Hoalt,TheLastMoon,Icarus,AtDynasty,CptnCrunch,Lucio,Corg,CidnightMare,Mortemodeus,Ados,Airotciv,Volskaya,2,2,,6:01,Defense,3,,,,,,,,,,,,,,,,,
11/19/2017,Night,19,,,,-7,L,2610,2591,-19,JustWingIt,Hoalt,TheLastMoon,Icarus,AtDynasty,CptnCrunch,Lucio,Corg,CidnightMare,Mortemodeus,Ados,Airotciv,Volskaya,3,1,,0,Attack,4,Ana,,,,,,,,,,,,,,,,
11/19/2017,Night,19,,,,-7,L,2610,2591,-19,JustWingIt,Hoalt,TheLastMoon,Icarus,AtDynasty,CptnCrunch,Lucio,Corg,CidnightMare,Mortemodeus,Ados,Airotciv,Volskaya,4,2,,3,Defense,3,Mercy,,,,,,,,,,,,,,,,
11/19/2017,Night,20,2589,2569,-20,-8,L,2604,2557,-47,JustWingIt,NecroWolph,Punishedahab,Teaspoon,CaskeyBoi,Nexscripko,Dren,Vhp,PandaMaster,Ados,Rngejsus,Scruddario,Ilios,3,1-2,wll,,CP,12.5,Lucio,,,,,,,,,,,,,,,,
11/19/2017,Night,21,2569,2547,-22,-9,L,2595,2579,-16,JustWingIt,DJhezzy,Xinck,Elite,BeanDip,FestofGoons,Shimada,DjKhaled,Hambone,Cancos,Rngejsus,Scruddario,Hollywood,1,3,,0,Defense,8,Ana,,,,,,,,,,,,,,,,
11/19/2017,Night,21,,,,-9,L,2595,2579,-16,JustWingIt,DJhezzy,Xinck,Elite,BeanDip,FestofGoons,Shimada,DjKhaled,Hambone,Cancos,Rngejsus,Scruddario,Hollywood,2,1,,,Attack,7,Mercy,,,,,,,,,,,,,,,,
11/19/2017,Night,22,2547,2547,0,0,Draw,2538,2541,3,JustWingIt,Livingston,Dro,Roadtoddy,Zleaderz,(Korean),CrimsonBoii,FistDva69,Necrowolph,Gravity,Dmtree,TheFinisher,Temple of Anubis,1,1,,0,Defense,8,Zen,,,,,,,,,,,,,,,,
11/19/2017,Night,22,,,,0,Draw,2538,2541,3,JustWingIt,Livingston,Dro,Roadtoddy,Zleaderz,(Korean),CrimsonBoii,FistDva69,Necrowolph,Gravity,Dmtree,TheFinisher,Temple of Anubis,2,1,,0,Attack,8,Ana,,,,,,,,,,,,,,,,
11/19/2017,Night,23,2547,2522,-25,-10,L,2549,2540,-9,JustWingIt,DangerNoodle,Effect,Jarail,Rawdognoodle,Tenzen,Kyofo,Bubble,Hanzo,JiveTurkey,MadderHadder,ScaryArey,Horizon,1,2,70.6,0,Defense,8,Zen,Lucio,,,,,,,,,,,,,,,
11/19/2017,Night,23,,,,-10,L,2549,2540,-9,JustWingIt,DangerNoodle,Effect,Jarail,Rawdognoodle,Tenzen,Kyofo,Bubble,Hanzo,JiveTurkey,MadderHadder,ScaryArey,Horizon,2,0,,0,Attack,4,Zen,,,,,,,,,,,,,,,,
11/19/2017,Night,24,2522,2496,-26,-11,L,2529,2529,0,JustWingIt,Optik,Gomi,iianmr,Dargone,Sin,Suntzu,Polar,Kappa,TheDoctor,Chanchan,Kimster,Dorado,1,3,,0,Defense,,Zen,,,,,,,,,,,,,,,,
11/19/2017,Night,24,,,,-11,L,2529,2529,0,JustWingIt,Optik,Gomi,iianmr,Dargone,Sin,Suntzu,Polar,Kappa,TheDoctor,Chanchan,Kimster,Dorado,2,1,,0,Attack,,Zen,Mercy,,,,,,,,,,,,,,,
11/19/2017,Night,25,2496,2521,25,1,W,2464,2464,0,JustWingIt,Weedheter,SuperChen,Akashi,NecroWolph,Ztork,Hyunmujujak,Abelgamero,Shawnhunter,DocsBallin,Diode,Zodyak,Gibraltar,1,3,88.63,4:19,Defense,4,Zarya,,,,,,,,,,,,,,,,
11/19/2017,Night,25,,,,1,W,2464,2464,0,JustWingIt,Weedheter,SuperChen,Akashi,NecroWolph,Ztork,Hyunmujujak,Abelgamero,Shawnhunter,DocsBallin,Diode,Zodyak,Gibraltar,2,3,88.63,0,Attack,8,Zen,,,,,,,,,,,,,,,,
11/19/2017,Night,25,,,,1,W,2464,2464,0,JustWingIt,Weedheter,SuperChen,Akashi,NecroWolph,Ztork,Hyunmujujak,Abelgamero,Shawnhunter,DocsBallin,Diode,Zodyak,Gibraltar,3,0,84.63,0,Attack,1,Zen,,,,,,,,,,,,,,,,
11/19/2017,Night,25,,,,1,W,2464,2464,0,JustWingIt,Weedheter,SuperChen,Akashi,NecroWolph,Ztork,Hyunmujujak,Abelgamero,Shawnhunter,DocsBallin,Diode,Zodyak,Gibraltar,4,0,,0,Defense,,Zen,,,,,,,,,,,,,,,,
11/20/2017,Evening,26,2521,2547,26,2,W,2541,2521,-20,JustWingIt,Silkstalker,Bluke,Denrioc,LoneMadwolf,NightStalker,Spoonman,Psychorias,Caelia,Creamynouget,Krognak,Sopp1ng,Eichenwalde,1,3,67.69,3:34,Attack,4.5,Zen,,,,,,,,,,,,,,,,
11/20/2017,Evening,26,,,,2,W,2541,2521,-20,JustWingIt,Silkstalker,Bluke,Denrioc,LoneMadwolf,NightStalker,Spoonman,Psychorias,Caelia,Creamynouget,Krognak,Sopp1ng,Eichenwalde,2,0,,0,Defense,4,Ana,,,,,,,,,,,,,,,,
11/20/2017,Evening,27,2547,2568,21,3,W,2503,2517,14,JustWingIt,Nojabi,PepperGB,Caelia,Defille,Eggrollearl,Ubigquitous,Blootsie,Junkordie,Bluke,Parzival,Terribleaim,Oasis,3,2-1,wlw,,CP,14,Lucio,Zen,Mercy,,,,,,,,,,,,,,
11/20/2017,Evening,28,2568,2594,26,4,W,2570,2580,10,JustWingIt,Cashews,Jon,Crozen,Jeff,PussinBoots,DealBreaker,CellyBigLoad,LittleKoala,SkrtSkrt,Chrisceratop,Franzadon,JunkerTown,1,2,95.47,0,Defense,8,Zen,Lucio,,,,,,,,,,,,,,,
11/20/2017,Evening,28,,,,4,W,2570,2580,10,JustWingIt,Cashews,Jon,Crozen,Jeff,PussinBoots,DealBreaker,CellyBigLoad,LittleKoala,SkrtSkrt,Chrisceratop,Franzadon,JunkerTown,2,3,95.48,0,Attack,8,Ana,,,,,,,,,,,,,,,,
11/20/2017,Evening,29,2594,2570,-24,-1,L,2598,2567,-31,JustWingIt,Robin,Tyang,H3lix,Metalvana,TreeRacer,Jeddadiah,Houkaimei,Atebit,Etiquette,Jaylenonline,Tryptik,Hanamura,1,2,,4:11,Defense,4,Zen,Ana,,,,,,,,,,,,,,,
11/20/2017,Evening,29,,,,-1,L,2598,2567,-31,JustWingIt,Robin,Tyang,H3lix,Metalvana,TreeRacer,Jeddadiah,Houkaimei,Atebit,Etiquette,Jaylenonline,Tryptik,Hanamura,2,1,,0,Attack,8,Ana,,,,,,,,,,,,,,,,
11/20/2017,Evening,30,2570,2596,26,1,W,2608,2606,-2,JustWingIt,Duchess,Lechinois,SSj6ix,Douseyrslf,Ron,Anon88888888,Astonish,Griff3y,Scuffedjs,Feege,Foolish,Numbani,1,3,,3:36,Attack,4.5,Ana,,,,,,,,,,,,,,,,
11/20/2017,Evening,30,,,,1,W,2608,2606,-2,JustWingIt,Duchess,Lechinois,SSj6ix,Douseyrslf,Ron,Anon88888889,Astonish,Griff3y,Scuffedjs,Feege,Foolish,Numbani,2,2,,0,Defense,8,Ana,,,,,,,,,,,,,,,,
11/20/2017,Evening,31,2596,2575,-21,-1,L,2585,2585,0,JustWingIt,Kalaki,ItsTragic,Foolish,BellyAche,Juubs,SteveBannon,BlackNumbers,SageFather,Senseishark,Menomena,Dynotaku,Temple of Anubis,1,1,,0,Defense,8,Mercy,,,,,,,,,,,,,,,,
11/20/2017,Evening,31,,,,-1,L,2585,2585,0,JustWingIt,Kalaki,ItsTragic,Foolish,BellyAche,Juubs,SteveBannon,BlackNumbers,SageFather,Senseishark,Menomena,Dynotaku,Temple of Anubis,2,1,,0,Attack,8,Ana,Mercy,,,,,,,,,,,,,,,
11/20/2017,Evening,32,2575,2603,28,1,W,2597,2599,2,JustWingIt,JvaGamePlay,Adidakorn,Chozin,Faergos,ksidrii,BellyAche,Dro,SenseiShark,Kozlak,Saleene,Thermometer,Oasis,3,2-1,wlw,,CP,12.5,Lucio,Ana,,,,,,,,,,,,,,,
11/20/2017,Evening,33,2603,2603,0,0,Draw,2608,2602,-6,JustWingIt,Zuzu,Sneaky,murdermitten,Scadaterra,Snipersonly,Chidragon,Itstev,Duhamel,Nytemare,Oliver,Tyler1,Horizon,1,2,,2:47,Attack,5,Zen,,,,,,,,,,,,,,,,
11/21/2017,Early Morning,33,,,,0,Draw,2608,2602,-6,JustWingIt,Zuzu,Sneaky,murdermitten,Scadaterra,Snipersonly,Chidragon,Itstev,Duhamel,Nytemare,Oliver,Tyler2,Horizon,2,2,,5:17,Defense,2.5,Zen,Ana,Lucio,,,,,,,,,,,,,,
11/21/2017,Early Morning,33,,,,0,Draw,2608,2602,-6,JustWingIt,Zuzu,Sneaky,murdermitten,Scadaterra,Snipersonly,Chidragon,Itstev,Duhamel,Nytemare,Oliver,Tyler3,Horizon,3,1,,0,Attack,3,Zen,Lucio,,,,,,,,,,,,,,,
11/21/2017,Early Morning,33,,,,0,Draw,2608,2602,-6,JustWingIt,Zuzu,Sneaky,murdermitten,Scadaterra,Snipersonly,Chidragon,Itstev,Duhamel,Nytemare,Oliver,Tyler4,Horizon,4,1,,0,Defense,5,Ana,Lucio,,,,,,,,,,,,,,,
11/21/2017,Early Morning,34,2603,2577,-26,-1,L,2584,2598,14,JustWingIt,GoldedNova,Vonevereec,Rini,Drslappy,Polar,Krombopulous,Edwerd,BlakeByrd,Wheelyum,NightKnight,ProSody,Route 66,1,1,62,0,Attack,7,Zen,Mercy,,,,,,,,,,,,,,,
11/21/2017,Early Morning,34,,,,-1,L,2584,2598,14,JustWingIt,GoldedNova,Vonevereec,Rini,Drslappy,Polar,Krombopulous,Edwerd,BlakeByrd,Wheelyum,NightKnight,ProSody,Route 66,2,2,62.01,,Defense,4,Mercy,,,,,,,,,,,,,,,,
11/21/2017,Early Morning,35,2577,2555,-22,-2,L,2596,2591,-5,JustWingIt,Musashi,w,Sailorking,FirstHunter,Gwent,D4rk,Terribou,FlashGordon,Bocephus,BSToasty,BlakeByrd,Numbani,1,2,60.69,0,Defense,8,Zen,Lucio,,,,,,,,,,,,,,,
11/21/2017,Early Morning,35,,,,-2,L,2596,2591,-5,JustWingIt,Musashi,Chaz6851,Sailorking,FirstHunter,Gwent,D4rk,Terribou,FlashGordon,Bocephus,BSToasty,BlakeByrd,Numbani,2,0,,0,Attack,4,Lucio,,,,,,,,,,,,,,,,
11/21/2017,Early Morning,36,2555,2532,-23,-3,L,2527,2506,-21,JustWingIt,VooDoo,Kenshin86,Crux,NoobNoob,StevesChitt,Rex,ForSakenJG,HamJam,SoupyGoose,Kitty,Rufio1101w,Volskaya,1,2,,4:13,Defense,4,Zen,Ana,,,,,,,,,,,,,,,
11/21/2017,Early Morning,36,,,,-3,L,2527,2506,-21,JustWingIt,VooDoo,Kenshin86,Crux,NoobNoob,StevesChitt,Rex,ForSakenJG,HamJam,SoupyGoose,Kitty,Rufio1101w,Volskaya,2,0,,0,Attack,4,Mercy,,,,,,,,,,,,,,,,
11/21/2017,Early Morning,37,2532,2513,-19,-4,L,2510,2512,2,JustWingIt,Duwop,Gerald,Jeck,Enigma,Slubtastic,CrazyCupid,ForsakenJK,Drowst,Habit,Eva,Tienwin,Eichenwalde,1,3,,2:03,Defense,6,Zen,Lucio,,,,,,,,,,,,,,,
11/21/2017,Early Morning,37,,,,-4,L,2510,2512,2,JustWingIt,Duwop,Gerald,Jeck,Enigma,Slubtastic,CrazyCupid,ForsakenJK,Drowst,Habit,Eva,Tienwin,Eichenwalde,2,1,,0,Attack,7,Mercy,Lucio,,,,,,,,,,,,,,,
11/21/2017,Early Morning,38,2513,2538,25,1,W,2531,2529,-2,JustWingIt,Underlad,Fwankey,ShakenBake,Drwst,Habit,HElehyuareeh,SimpleKaitis,xog,Shpougal,Phyxfire,Zephyrs,King's Row,1,2,37.67,0,Defense,8,Mercy,,,,,,,,,,,,,,,,
11/21/2017,Early Morning,38,,,,1,W,2531,2529,-2,JustWingIt,Underlad,Fwankey,ShakenBake,Drwst,Habit,HElehyuareeh,SimpleKaitis,xog,Shpougal,Phyxfire,Zephyrs,King's Row,2,3,37.68,3,Attack,5,Mercy,,,,,,,,,,,,,,,,
11/21/2017,Early Morning,39,2538,2511,-27,-1,L,2541,2549,8,JustWingIt,Barelyalive,Muta,Sailorbleach,GeekyGreek7,Stazick,Sandkingiht,Inverse,Slash,Trixxter13,Grime,STrohno,Route 66,1,3,,0,Defense,8,Orisa,Zarya,,,,,,,,,,,,,,,
11/21/2017,Early Morning,39,,,,-1,L,2541,2549,8,JustWingIt,Barelyalive,Muta,Sailorbleach,GeekyGreek7,Stazick,Sandkingiht,Inverse,Slash,Trixxter13,Grime,STrohno,Route 66,2,2,,0,Attack,8,Mercy,,,,,,,,,,,,,,,,
11/21/2017,Early Morning,40,2511,2487,-24,-2,L,2527,2518,-9,JustWingIt,Tymcree,CarnoBot,Tiez,Philthethrill,Punxsutawney,FlameyCake,Globerspy,OnlyTorb,TheGhostHunt,GeekyGreek7,Stazick,Temple of Anubis,1,1,,0,Defense,8,Mercy,,,,,,,,,,,,,,,,
11/21/2017,Early Morning,40,,,,-2,L,2527,2518,-9,JustWingIt,Tymcree,CarnoBot,Tiez,Philthethrill,Punxsutawney,FlameyCake,Globerspy,OnlyTorb,TheGhostHunt,GeekyGreek8,Stazick,Temple of Anubis,2,0,,0,Attack,4,Mercy,,,,,,,,,,,,,,,,
11/21/2017,Early Morning,41,2487,2509,22,1,W,2459,2459,0,JustWingIt,Dakota,IloveCows,Malliam,Orbital,Swayze,Nazgull,PigPoot,GarbageHanzo,Pengwin87,Shinmessiah,Puffy,Gibraltar,1,2,69.7,0,Defense,7,Mercy,,,,,,,,,,,,,,,,
11/21/2017,Early Morning,41,,,,1,W,2459,2459,0,JustWingIt,Dakota,IloveCows,Malliam,Orbital,Swayze,Nazgull,PigPoot,GarbageHanzo,Pengwin87,Shinmessiah,Puffy,Gibraltar,2,3,69.71,0,Attack,7,Mercy,,,,,,,,,,,,,,,,
11/21/2017,Early Morning,42,2509,2486,-23,-1,L,2532,2515,-17,JustWingIt,Octavia,Eraze,Shana,Bergz,Pw3ll,H4z3,Bounia,Andilion,Cinnabon,Luna,Panda,Numbani,1,2,53.19,0,Attack,8,Mercy,,,,,,,,,,,,,,,,
11/21/2017,Early Morning,42,,,,-1,L,2532,2515,-17,JustWingIt,Octavia,Eraze,Shana,Bergz,Pw3ll,H4z3,Bounia,Andilion,Cinnabon,Luna,Panda,Numbani,2,3,53.2,0,Defense,8,Mercy,,,,,,,,,,,,,,,,
11/21/2017,Early Morning,43,2486,2467,-19,-2,L,2471,2460,-11,JustWingIt,Spundle,Seancg,BestBiscuits,MichaelScarn,Mefistofeles,Krisxbell,Kan013cr,Hello,Turstinacorn,Kris,Dubb,Hanamura,1,0,,0,Attack,4,Mercy,,,,,,,,,,,,,,,,
11/21/2017,Early Morning,43,,,,-2,L,2471,2460,-11,JustWingIt,Spundle,Seancg,BestBiscuits,MichaelScarn,Mefistofeles,Krisxbell,Kan013cr,Hello,Turstinacorn,Kris,Dubb,Hanamura,2,1,,3,Defense,1,Mercy,,,,,,,,,,,,,,,,
11/21/2017,Early Morning,44,2467,2491,24,1,W,2470,2471,1,JustWingIt,MRD,PrimalNexuz,Armistice,Heinz57,Sirhc,Koozko,MichaelScarn,Ruebenhood,Angeredbees,Gwavitie,MallSanta,Hollywood,1,3,79.06,2:43,Attack,5,Mercy,,,,,,,,,,,,,,,,
11/21/2017,Early Morning,44,,,,1,W,2470,2471,1,JustWingIt,MRD,PrimalNexuz,Armistice,Heinz57,Sirhc,Koozko,MichaelScarn,Ruebenhood,Angeredbees,Gwavitie,MallSanta,Hollywood,2,2,,0,Defense,8,Mercy,,,,,,,,,,,,,,,,
11/21/2017,Early Morning,45,2491,2470,-21,-1,L,2477,2484,7,JustWingIt,DarkSnakey,MRD,FortheHorde,Demonicalien,SwankyTiger,MeowLikeAdog,IIIDirtyIII,Legend,PrimalNexuz,GkT1102,Cutiez,Eichenwalde,1,3,,0:11,Attack,8,Mercy,,,,,,,,,,,,,,,,
11/21/2017,Early Morning,45,,,,-1,L,2477,2484,7,JustWingIt,DarkSnakey,MRD,FortheHorde,Demonicalien,SwankyTiger,MeowLikeAdog,IIIDirtyIII,Legend,PrimalNexuz,GkT1103,Cutiez,Eichenwalde,2,0,,0,Defense,4,Lucio,Ana,,,,,,,,,,,,,,,
11/21/2017,Early Morning,46,2470,2443,-27,-2,L,2463,2458,-5,JustWingIt,Genkii,Peigeon,Snn,Teck,Zoochgod,Forthehorde,ToeSucker420,Naria,NDEver,Shinmessiah,Strider,Gibraltar,1,3,88.63,4:33,Defense,4,Dva,,,,,,,,,,,,,,,,
11/21/2017,Early Morning,46,,,,-2,L,2463,2458,-5,JustWingIt,Genkii,Peigeon,Snn,Teck,Zoochgod,Forthehorde,ToeSucker420,Naria,NDEver,Shinmessiah,Strider,Gibraltar,2,0,77.9,0,Attack,4,Mercy,,,,,,,,,,,,,,,,
11/21/2017,Early Morning,47,2443,2465,22,1,W,2438,2400,-38,JustWingIt,Mogley,Genkii,Rodikusdude,Zell,Buzzay,Xale,EverGamer,BunBury,GBeefPile,Fluffy,Tie,Horizon,1,1,,0,Defense,8,Mercy,,,,,,,,,,,,,,,,
11/21/2017,Early Morning,47,,,,1,W,2438,2400,-38,JustWingIt,Mogley,Genkii,Rodikusdude,Zell,Buzzay,Xale,EverGamer,BunBury,GBeefPile,Fluffy,Tie,Horizon,2,2,,4,Attack,4,Mercy,,,,,,,,,,,,,,,,
11/21/2017,Early Morning,48,2465,2486,21,2,W,2480,2475,-5,JustWingIt,Buzzay,CidnightMare,MoonBlock,LamesPudnik,OBJA,Genkii,Zell,Rabidbathtub,CQ24,Defille,EggRollEarl,Route 66,1,3,74.5,0,Attack,8,Mercy,,,,,,,,,,,,,,,,
11/21/2017,Early Morning,48,,,,2,W,2480,2475,-5,JustWingIt,Buzzay,CidnightMare,MoonBlock,LamesPudnik,OBJA,Genkii,Zell,Rabidbathtub,CQ24,Defille,EggRollEarl,Route 66,2,2,,0,Defense,8,Mercy,,,,,,,,,,,,,,,,
11/21/2017,Early Morning,49,2486,2510,24,3,W,-,2480,-,JustWingIt,Orikzz,Flaco,Melona,Alexsavage,NoStep,Daddyssquirt,CQ24,MrTreecko,Goku,CP2,Yuyo,Dorado,1,3,85.75,3:53,Attack,4,Mercy,,,,,,,,,,,,,,,,
11/21/2017,Early Morning,49,,,,3,W,-,2480,-,JustWingIt,Orikzz,Flaco,Melona,Alexsavage,NoStep,Daddyssquirt,CQ24,MrTreecko,Goku,CP2,Yuyo,Dorado,2,3,85.75,1:49,Defense,6,Mercy,,,,,,,,,,,,,,,,
11/21/2017,Early Morning,49,,,,3,W,-,2480,-,JustWingIt,Orikzz,Flaco,Melona,Alexsavage,NoStep,Daddyssquirt,CQ24,MrTreecko,Goku,CP2,Yuyo,Dorado,3,0,69.27,0,Defense,2,Mercy,,,,,,,,,,,,,,,,
11/21/2017,Early Morning,49,,,,3,W,-,2480,-,JustWingIt,Orikzz,Flaco,Melona,Alexsavage,NoStep,Daddyssquirt,CQ24,MrTreecko,Goku,CP2,Yuyo,Dorado,4,1,69.28,1,Attack,3,Mercy,,,,,,,,,,,,,,,,
11/22/2017,Afternoon,50,2510,2535,25,4,W,2757,2761,4,JustWingIt,OWOWhatsthis,NemoCoffee,Sukha,SpaceTigerMD,Dadmin,Calavera,Machamp,GGG,Heston,BibimBap,BluBluBlu,JunkerTown,1,3,101.94,0:18,Attack,8,Mercy,,,,,,,,,,,,,,,,
11/22/2017,Afternoon,50,,,,4,W,2757,2761,4,JustWingIt,OWOWhatsthis,NemoCoffee,Sukha,SpaceTigerMD,Dadmin,Calavera,Machamp,GGG,Heston,BibimBap,BluBluBlu,JunkerTown,2,0,,0,Defense,4,Mercy,,,,,,,,,,,,,,,,
11/22/2017,Afternoon,51,2535,2555,20,5,W,2541,2516,-25,JustWingIt,Bewoulf2000,Authentic,Raven,InsaneLeg,Magsnetiik,Binarysolo01,Alt,T3ddiie,Aleniacearth,DangDude,Ignising,Eichenwalde,1,2,58.52,0,Attack,8,Mercy,,,,,,,,,,,,,,,,
11/22/2017,Afternoon,51,,,,5,W,2541,2516,-25,JustWingIt,Bewoulf2001,Authentic,Raven,InsaneLeg,Magsnetiik,Binarysolo02,Alt,T3ddiie,Aleniacearth,DangDude,Ignising,Eichenwalde,2,1,,0,Defense,7,Mercy,,,,,,,,,,,,,,,,
11/22/2017,Afternoon,52,2555,2580,25,6,W,-,2775,-,JustWingIt,OWOWhatsthis,Kilfaktor,You2,GodisNemus,Coriander,Prisoner,BTS,Soothsayer,Lucaswan,Hybrid,LtDan19,Hanamura,1,2,,3:57,Defense,4,Mercy,,,,,,,,,,,,,,,,
11/22/2017,Afternoon,52,,,,6,W,-,2775,-,JustWingIt,OWOWhatsthis,Kilfaktor,You3,GodisNemus,Coriander,Prisoner,BTS,Soothsayer,Lucaswan,Hybrid,LtDan20,Hanamura,2,2,,4:13,Attack,4,Mercy,,,,,,,,,,,,,,,,
11/22/2017,Afternoon,52,,,,6,W,-,2775,-,JustWingIt,OWOWhatsthis,Kilfaktor,You4,GodisNemus,Coriander,Prisoner,BTS,Soothsayer,Lucaswan,Hybrid,LtDan21,Hanamura,3,0,,0,Defense,4,Mercy,,,,,,,,,,,,,,,,
11/22/2017,Afternoon,52,,,,6,W,-,2775,-,JustWingIt,OWOWhatsthis,Kilfaktor,You5,GodisNemus,Coriander,Prisoner,BTS,Soothsayer,Lucaswan,Hybrid,LtDan22,Hanamura,4,1,,0,Attack,4,Mercy,,,,,,,,,,,,,,,,
11/22/2017,Afternoon,53,2580,2604,24,7,W,2603,2578,-25,JustWingIt,Antresar,Reivax,Durotic,Augustus,Mythleft,XsammyBoi,Catztracker,PapaGeorge,Henik,Barry,Hazy,Oasis,3,2-1,wlw,,CP,15,Mercy,Lucio,,,,,,,,,,,,,,,
11/22/2017,Afternoon,54,2604,2583,-21,-1,L,2583,2576,-7,JustWingIt,IngroWnzero,MythLeft,Mccree,DoomFistMe,Jackoholic,PapaGeorge,Henik,Quarkon,David,Barry,Hazy,Hollywood,1,2,53.77,0,Defense,8,Mercy,,,,,,,,,,,,,,,,
11/22/2017,Afternoon,54,,,,-1,L,2583,2576,-7,JustWingIt,IngroWnzero,MythLeft,Mccree,DoomFistMe,Jackoholic,PapaGeorge,Henik,Quarkon,David,Barry,Hazy,Hollywood,2,0,,0,Attack,4,Mercy,,,,,,,,,,,,,,,,
11/22/2017,Afternoon,55,2583,2561,-22,-2,L,2587,2581,-6,JustWingIt,Davritos,Flack,NonReallity,DoomFistMe,Jackoholic,Noob,TBM,Golex,CerealBox,Rimidalvv,Venkata100,Temple of Anubis,1,2,,0.2,Defense,8,Mercy,,,,,,,,,,,,,,,,
11/22/2017,Afternoon,55,,,,-2,L,2587,2581,-6,JustWingIt,Davritos,Flack,NonReallity,DoomFistMe,Jackoholic,Noob,TBM,Golex,CerealBox,Rimidalvv,Venkata100,Temple of Anubis,2,1,,0,Attack,8,Mercy,,,,,,,,,,,,,,,,
11/22/2017,Afternoon,56,2561,2586,25,1,W,2522,2500,-22,JustWingIt,TheGandhi,OnePunMan,UnHolySaint,Shaunnn,Warats,Mul,Saber,YoonYoon,Sinful,Andilion,Cinnabon,Gibraltar,1,3,88.63,4:40,Attack,4,Mercy,,,,,,,,,,,,,,,,
11/22/2017,Afternoon,56,,,,1,W,2522,2500,-22,JustWingIt,TheGandhi,OnePunMan,UnHolySaint,Shaunnn,Warats,Mul,Saber,YoonYoon,Sinful,Andilion,Cinnabon,Gibraltar,2,0,,0,Defense,4,Mercy,,,,,,,,,,,,,,,,
11/22/2017,Afternoon,57,2586,2562,-24,-1,L,2596,2594,-2,JustWingIt,RageWolf,Loki,Jimothy,Kanon,MurderSaurus,BakedPotato,Oscar,JoeC,Twynn4,Golex,SwagmasterP,Horizon,1,2,,4:25,Defense,4,Mercy,,,,,,,,,,,,,,,,
11/22/2017,Afternoon,57,,,,-1,L,2596,2594,-2,JustWingIt,RageWolf,Loki,Jimothy,Kanon,MurderSaurus,BakedPotato,Oscar,JoeC,Twynn4,Golex,SwagmasterP,Horizon,2,1,,0,Attack,8,Mercy,,,,,,,,,,,,,,,,
11/22/2017,Afternoon,58,2562,2582,20,1,W,2529,2525,-4,JustWingIt,Favot,TheGandhi,EpicWaffles,Piperaid,Varrix,Hoblingoblin,DeadlyFeet,TheBeaver,BlueDragonFm,Kidz,Niiiowe,JunkerTown,1,1,,0,Attack,7,Mercy,,,,,,,,,,,,,,,,
11/22/2017,Afternoon,58,,,,1,W,2529,2525,-4,JustWingIt,Favot,TheGandhi,EpicWaffles,Piperaid,Varrix,Hoblingoblin,DeadlyFeet,TheBeaver,BlueDragonFm,Kidz,Niiiowe,JunkerTown,2,0,,0,Defense,4,Mercy,,,,,,,,,,,,,,,,
11/22/2017,Afternoon,59,2582,2559,-23,-1,L,2592,2609,17,JustWingIt,DrDoctor,Cuncon,AndytheFrog,TydoeDoe,Woofless,EvilSpoon,Hezzigod,NightShade,ShangDynasty,Rokyujo,Moist,Route 66,1,3,74.5,1:59,Defense,8,Mercy,,,,,,,,,,,,,,,,
11/22/2017,Afternoon,59,,,,-1,L,2592,2609,17,JustWingIt,DrDoctor,Cuncon,AndytheFrog,TydoeDoe,Woofless,EvilSpoon,Hezzigod,NightShade,ShangDynasty,Rokyujo,Moist,Route 66,2,0,,0,Attack,4,Mercy,Zen,,,,,,,,,,,,,,,
11/22/2017,Afternoon,60,2559,2538,-21,-2,L,2544,-,-,JustWingIt,Kiluadan,Kuzeno,AndytheFrog,Mithrandir,Terderguson,Gamesdean,Gymleader,Jvanz,Cuncon,CrazyGamer,ARahmora,Ilios,3,1-2,lwl,,CP,,Lucio,Mercy,,,,,,,,,,,,,,,
11/22/2017,Afternoon,61,2538,2513,-25,-3,L,2514,2533,19,JustWingIt,IceTwenty,GamesDean,NearZam,Ace,Zoom,Melona,Forester,GymLeader,Converge,Mithrandir,Terderguson,Temple of Anubis,1,1,,0,Attack,8,Zen,Lucio,,,,,,,,,,,,,,,
11/22/2017,Afternoon,61,,,,-3,L,2514,2533,19,JustWingIt,IceTwenty,GamesDean,NearZam,Ace,Zoom,Melona,Forester,GymLeader,Converge,Mithrandir,Terderguson,Temple of Anubis,2,2,,4,Defense,4,Mercy,,,,,,,,,,,,,,,,
11/22/2017,Afternoon,62,2513,2490,-23,-4,L,2511,2529,18,JustWingIt,Gucci,TwoEggs,Mrrak,Sbucho12,Death,JoanDajer,Freshie,Tortued,Hairphones,Swoop,Zekki,Gibraltar,1,3,,3:34,Defense,4.5,Moira,,,,,,,,,,,,,,,,
11/24/2017,Evening,62,,,,-4,L,2511,2529,18,JustWingIt,Gucci,TwoEggs,Mrrak,Sbucho13,Death,JoanDajer,Freshie,Tortued,Hairphones,Swoop,Zekki,Gibraltar,2,0,,0,Attack,4,Zarya,,,,,,,,,,,,,,,,
11/25/2017,Early Morning,63,2490,2464,-26,-5,L,2495,-,-,JustWingIt,Ascension,lulululululu,GummpyPwns,AeroPhobic,TPWC,FackCuddles,Patrol,Phoenix,Rioguenkaku,Cronicus,Vinestar,Oasis,3,1-2,lwl,,CP,14,Moira,,,,,,,,,,,,,,,,
11/25/2017,Early Morning,64,2464,2490,26,1,W,2492,2441,-51,JustWingIt,Kawaiisenpai,Hardtosay,Blink,Greifhardt,SeaofLIes,Grunter,Frosty,Iluvatar,Kaze,Pandaandy,Tsuna,Eichenwalde,1,0,,0,Attack,4,Moira,,,,,,,,,,,,,,,,
11/25/2017,Early Morning,64,,,,1,W,2492,2441,-51,JustWingIt,Kawaiisenpai,Hardtosay,Blink,Greifhardt,SeaofLIes,Grunter,Frosty,Iluvatar,Kaze,Pandaandy,Tsuna,Eichenwalde,2,0,,0,Defense,4,Mercy,,,,,,,,,,,,,,,,
11/25/2017,Early Morning,65,2490,2512,22,2,W,2486,2485,-1,JustWingIt,Cipher,WomboCombo,Bloodshot,Smender,Toasty,FoxFantastic,NovaStunz,Skenegland,Jenkisushi,Jon,Siliquee,King's Row,1,0,,0,Defense,4,Mercy,,,,,,,,,,,,,,,,
11/25/2017,Early Morning,65,,,,2,W,2486,2485,-1,JustWingIt,Cipher,WomboCombo,Bloodshot,Smender,Toasty,FoxFantastic,NovaStunz,Skenegland,Jenkisushi,Jon,Siliquee,King's Row,2,1,,1,Attack,3,Moira,,,,,,,,,,,,,,,,
11/25/2017,Early Morning,66,2512,2491,-21,-1,L,2519,2525,6,JustWingIt,DudeMan11,MadcuzBad,Killavc,ReactPhantom,Vizionz,CenterServnt,Arar,Tianmiimii,Troopahhh,Agony,SilverHawk,Hanamura,1,2,,6:01,Defense,2,Moira,,,,,,,,,,,,,,,,
11/25/2017,Early Morning,66,,,,-1,L,2519,2525,6,JustWingIt,DudeMan11,MadcuzBad,Killavc,ReactPhantom,Vizionz,CenterServnt,Arar,Tianmiimii,Troopahhh,Agony,SilverHawk,Hanamura,2,2,,0,Attack,8,Mercy,,,,,,,,,,,,,,,,
11/25/2017,Early Morning,66,,,,-1,L,2519,2525,6,JustWingIt,DudeMan11,MadcuzBad,Killavc,ReactPhantom,Vizionz,CenterServnt,Arar,Tianmiimii,Troopahhh,Agony,SilverHawk,Hanamura,3,1,,2,Defense,4,Symmetra,,,,,,,,,,,,,,,,
11/25/2017,Early Morning,67,2491,2510,19,1,W,2483,2476,-7,JustWingIt,Lemonsky,Frynaut,Wafflebot,Taylorlg,Zrrasta,Sylis,Grunter,Sleepy,Observant,LuckyDog,RainBowcat,Route 66,1,2,44.66,0,Defense,8,Mercy,,,,,,,,,,,,,,,,
11/25/2017,Early Morning,67,,,,1,W,2483,2476,-7,JustWingIt,Lemonsky,Frynaut,Wafflebot,Taylorlg,Zrrasta,Sylis,Grunter,Sleepy,Observant,LuckyDog,RainBowcat,Route 66,2,3,44.67,2,Attack,6,Moira,,,,,,,,,,,,,,,,
11/25/2017,Early Morning,68,2510,2531,21,2,W,2513,2532,19,JustWingIt,Trillster,LFDog,Rag,Conman,StormyArise,Ghost,Captaink,Wafflebot,Taxi,MrClement,Popearoni,Volskaya,1,2,,3:51,Attack,4,Moira,,,,,,,,,,,,,,,,
11/25/2017,Early Morning,68,,,,2,W,2513,2532,19,JustWingIt,Trillster,LFDog,Rag,Conman,StormyArise,Ghost,Captaink,Wafflebot,Taxi,MrClement,Popearoni,Volskaya,2,1,,0,Defense,8,Mercy,,,,,,,,,,,,,,,,
11/25/2017,Early Morning,69,2531,2560,29,3,W,2544,2519,-25,JustWingIt,Champcat,LFDog,Overwatch,Wedge,RLXtreme,kaelia,Taxi,Tacodom,Messiah,ApeSandals,Shenmeister,Horizon,1,2,,2:45,Attack,5,Lucio,Mercy,,,,,,,,,,,,,,,
11/25/2017,Early Morning,69,,,,3,W,2544,2519,-25,JustWingIt,Champcat,LFDog,Overwatch,Wedge,RLXtreme,kaelia,Taxi,Tacodom,Messiah,ApeSandals,Shenmeister,Horizon,2,0,,0,Defense,4,Mercy,,,,,,,,,,,,,,,,
11/25/2017,Early Morning,70,2560,2533,-27,-1,L,2537,2522,-15,JustWingIt,JacenSolo,ChampCat,Vulture,CptJackHouse,Zinkimp,Focus,Jarocket,Changmunk,Deebo,Sneaky1234,Strangeway,Dorado,1,1,93.94,0,Attack,7,Orisa,,,,,,,,,,,,,,,,
11/25/2017,Early Morning,70,,,,-1,L,2537,2522,-15,JustWingIt,JacenSolo,ChampCat,Vulture,CptJackHouse,Zinkimp,Focus,Jarocket,Changmunk,Deebo,Sneaky1234,Strangeway,Dorado,2,2,93.34,0,Defense,7,Zarya,,,,,,,,,,,,,,,,
11/25/2017,Early Morning,71,2533,2506,-27,-2,L,2524,2529,5,JustWingIt,TKC,GrumpyPants,Bcarried,Daxter,RedneckBubby,JunkratHater,WidowSuckz,Zacragu,Aea,DriveFormer,KiraQueen,Hollywood,1,1,103,0,Attack,7,Moira,Zen,,,,,,,,,,,,,,,
11/25/2017,Early Morning,71,,,,-2,L,2524,2529,5,JustWingIt,TKC,GrumpyPants,Bcarried,Daxter,RedneckBubby,JunkratHater,WidowSuckz,Zacragu,Aea,DriveFormer,KiraQueen,Hollywood,2,2,103.01,0,Defense,7,Orisa,,,,,,,,,,,,,,,,
11/25/2017,Early Morning,72,2506,2534,28,1,W,2486,2487,1,JustWingIt,MadamCorgi,Major,ShaunAwesome,Allergies,Lankyking,Piehii,Alphyn,SneezyDwarf,Weadyg,Cinnabunbuns,TKC,Lijang,2,2-0,ww,,CP,11.5,Lucio,,,,,,,,,,,,,,,,
11/25/2017,Early Morning,73,2534,2510,-24,-1,L,2535,2541,6,JustWingIt,Polybius,Goofster,Jason,Floww,Nate,Mallrat,Chevin,Sanglais,Seaborn,DeadlyKitten,HonorChance,Gibraltar,1,1,81.32,0,Defense,7,Moira,,,,,,,,,,,,,,,,
11/25/2017,Early Morning,73,,,,-1,L,2535,2541,6,JustWingIt,Polybius,Goofster,Jason,Floww,Nate,Mallrat,Chevin,Sanglais,Seaborn,DeadlyKitten,HonorChance,Gibraltar,2,0,,0,ATtack,4,Moira,,,,,,,,,,,,,,,,
11/25/2017,Early Morning,74,2510,2491,-19,-2,L,2513,2509,-4,JustWingIt,Bhuckay,HeroDesu,ShinoLuigi,Anddo27,GrimReaper,AstroBoy77,Arcuni,Dynasty,Janef,Scicom,ZZZZZZ,JunkerTown,1,2,100.44,0,Defense,8,Mercy,,,,,,,,,,,,,,,,
11/25/2017,Early Morning,74,,,,-2,L,2513,2509,-4,JustWingIt,Bhuckay,HeroDesu,ShinoLuigi,Anddo27,GrimReaper,AstroBoy77,Arcuni,Dynasty,Janef,Scicom,ZZZZZZ,JunkerTown,2,1,,,ATtack,7,Moira,,,,,,,,,,,,,,,,
11/25/2017,Early Morning,75,2491,2515,24,1,W,2483,2482,-1,JustWingIt,Concept,KilGrave,BuckDiesel,Dooder,Draccon,MoetheLawn,PTR,Bhuckay,Joseph,Shadoofus,Sintharus,Oasis,2,2-0,ww,,CP,10.5,Moira,,,,,,,,,,,,,,,,
11/25/2017,Early Morning,76,2515,2541,26,2,W,2503,2508,5,JustWingIt,Vincenttko,Carolina,DoctorPichu,McMike9903,Rudeks,JoeF1sh,Bennetaur,MrKueber,Smokephase,Cutiez,Save,Route 66,1,0,81.79,0,Defense,4,Moira,,,,,,,,,,,,,,,,
11/25/2017,Early Morning,76,,,,2,W,2503,2508,5,JustWingIt,Vincenttko,Carolina,DoctorPichu,McMike9903,Rudeks,JoeF1sh,Bennetaur,MrKueber,Smokephase,Cutiez,Save,Route 66,2,1,81.8,1,ATtack,3,Moira,,,,,,,,,,,,,,,,
11/25/2017,Early Morning,77,2541,2567,26,3,W,2541,-,-,JustWingIt,Danesleaf,Fovos,HoneyBaked,Sushi,(korean),Dopebryan,MignonneMia,Yokbob,Zacher29,Kiwiwiww,Kronn,Lijang,2,2-0,ww,,CP,9.5,Lucio,,,,,,,,,,,,,,,,
11/25/2017,Early Morning,78,2567,2588,21,4,W,2535,2533,-2,JustWingIt,DarkenBlade,Tsubaski,Chubby,CvrlyBxllx1,W1ll,Shesnotlvl18,Deelee414,Senorgomez,Oishii,Pantimos,Silverstone,Volskaya,1,1,,0,Defense,8,Mercy,,,,,,,,,,,,,,,,
11/25/2017,Early Morning,78,,,,4,W,2535,2533,-2,JustWingIt,DarkenBlade,Tsubaski,Chubby,CvrlyBxllx2,W1ll,Shesnotlvl19,Deelee415,Senorgomez,Oishii,Pantimos,Silverstone,Volskaya,2,2,,1,ATtack,7,Mercy,,,,,,,,,,,,,,,,
11/25/2017,Early Morning,79,2588,2609,21,5,W,2599,2585,-14,JustWingIt,Danesleaf,Jab,FueltheRage,Blake,Mrssippi,Nibsliip,Linhcinder,RobotWizard,Shura,Alex,OGRalph,Eichenwalde,1,1,,0,ATtack,7,Mercy,,,,,,,,,,,,,,,,
11/25/2017,Early Morning,79,,,,5,W,2599,2585,-14,JustWingIt,Danesleaf,Jab,FueltheRage,Blake,Mrssippi,Nibsliip,Linhcinder,RobotWizard,Shura,Alex,OGRalph,Eichenwalde,2,0,,0,Defense,4,Mercy,,,,,,,,,,,,,,,,
11/25/2017,Early Morning,80,2609,2585,-24,-1,L,2606,2585,-21,JustWingIt,Lefatcat,Imurdad,MeiMsGaf,impactblu,DanesLeaf,HappyFeet,Lev,GitGudBruh,Napa,Phinexx,Zargeta,Hanamura,1,2,,5:42,ATtack,2,Mercy,,,,,,,,,,,,,,,,
11/25/2017,Early Morning,80,,,,-1,L,2606,2585,-21,JustWingIt,Lefatcat,Imurdad,MeiMsGaf,impactblu,DanesLeaf,HappyFeet,Lev,GitGudBruh,Napa,Phinexx,Zargeta,Hanamura,2,2,,1,Defense,7,Mercy,,,,,,,,,,,,,,,,
11/25/2017,Early Morning,80,,,,-1,L,2606,2585,-21,JustWingIt,Lefatcat,Imurdad,MeiMsGaf,impactblu,DanesLeaf,HappyFeet,Lev,GitGudBruh,Napa,Phinexx,Zargeta,Hanamura,3,1,,0,Defense,1,Mercy,,,,,,,,,,,,,,,,
11/25/2017,Early Morning,80,,,,-1,L,2606,2585,-21,JustWingIt,Lefatcat,Imurdad,MeiMsGaf,impactblu,DanesLeaf,HappyFeet,Lev,GitGudBruh,Napa,Phinexx,Zargeta,Hanamura,4,1,,0,ATtack,6,Mercy,,,,,,,,,,,,,,,,
11/25/2017,NIght,81,2585,2609,24,1,W,2569,2572,3,JustWingIt,Humbaba,Lso710,Paleteroman,Savgecabbge,LedZeps,Kofisto,Krombopulous,Penancegg,Ricksanchez,Sam,Conniption,Temple of Anubis,1,1,,0,Defense,8,Mercy,,,,,,,,,,,,,,,,
11/25/2017,NIght,81,,,,1,W,2569,2572,3,JustWingIt,Humbaba,Lso711,Paleteroman,Savgecabbge,LedZeps,Kofisto,Krombopulous,Penancegg,Ricksanchez,Sam,Conniption,Temple of Anubis,2,2,,2,ATtack,6,Mercy,,,,,,,,,,,,,,,,
11/25/2017,NIght,82,2609,2634,25,2,W,2605,2599,-6,JustWingIt,Xavilan,Styil,Targaryen,Adam,minsikko,LedZeps,Jakus,Syphax,Twitchy,Impypims,Noriko,Volskaya,1,2,,0,ATtack,8,Mercy,,,,,,,,,,,,,,,,
11/25/2017,NIght,82,,,,2,W,2605,2599,-6,JustWingIt,Xavilan,Styil,Targaryen,Adam,minsikko,LedZeps,Jakus,Syphax,Twitchy,Impypims,Noriko,Volskaya,2,0,,0,Defense,4,Mercy,,,,,,,,,,,,,,,,
11/25/2017,NIght,83,2634,2614,-20,-1,L,2634,2633,-1,JustWingIt,Wirlz,Banana,Llama,Nobody,ProHanzo,OldDriver,Targaryen,STyil,Jessica,MoonDragon,SnarkyGoblin,Nepal,2,0-2,ll,,CP,6,Lucio,Moira,,,,,,,,,,,,,,,
11/25/2017,NIght,84,2614,2638,24,1,W,2589,2600,11,JustWingIt,Wirlz,Mark,Banana,BlastVortex,Gethenlan,Celes,Gwiyomi,Generic,Eclipse,Restricted,RustyPickle,JunkerTown,1,3,101.94,1,ATtack,7,Mercy,,,,,,,,,,,,,,,,
11/25/2017,NIght,84,,,,1,W,2589,2600,11,JustWingIt,Wirlz,Mark,Banana,BlastVortex,Gethenlan,Celes,Gwiyomi,Generic,Eclipse,Restricted,RustyPickle,JunkerTown,2,0,,,Defense,4,Mercy,,,,,,,,,,,,,,,,
11/25/2017,NIght,85,2638,2613,-25,-1,L,2650,2648,-2,JustWingIt,Wirlz,Liquidice,Highwayman,Eclipseangel,Kotori,Banana,WhisitlePig,WaterPig,Bleo,Poordaddy,Sourc3,Hanamura,1,1,,0,ATtack,8,Mercy,,,,,,,,,,,,,,,,
11/25/2017,NIght,85,,,,-1,L,2650,2648,-2,JustWingIt,Wirlz,Liquidice,Highwayman,Eclipseangel,Kotori,Banana,WhisitlePig,WaterPig,Bleo,Poordaddy,Sourc3,Hanamura,2,2,,3,Defense,5,Mercy,,,,,,,,,,,,,,,,
11/25/2017,NIght,86,2613,2636,23,1,W,2602,2605,3,JustWingIt,Wirenun,Jerbear,Freighter,Koko,Underhood,Player,EpicBaka,Wrecktangle,Tears,GujiGuji,Ojichan,Temple of Anubis,1,0,,0,Defense,4,Zarya,,,,,,,,,,,,,,,,
11/25/2017,NIght,86,,,,1,W,2602,2605,3,JustWingIt,Wirenun,Jerbear,Freighter,Koko,Underhood,Player,EpicBaka,Wrecktangle,Tears,GujiGuji,Ojichan,Temple of Anubis,2,1,,0,ATtack,4,Moira,,,,,,,,,,,,,,,,
11/25/2017,NIght,87,2636,2659,23,2,W,2655,2655,0,JustWingIt,Redawg,Nynameisjake,Erebus,Biggulpshuh,Bozesattva,MichaelRobs,Asuramaru,Thorne,Xixi,Rafa,Moan,Hollywood,1,1,,0,ATtack,7,Mercy,,,,,,,,,,,,,,,,
11/25/2017,NIght,87,,,,2,W,2655,2655,0,JustWingIt,Redawg,Nynameisjake,Erebus,Biggulpshuh,Bozesattva,MichaelRobs,Asuramaru,Thorne,Xixi,Rafa,Moan,Hollywood,2,0,,0,Defense,4,Mercy,,,,,,,,,,,,,,,,
11/26/2017,Evening,88,2659,2681,22,3,W,2653,2642,-11,JustWingIt,Feefgfm,HappyBagel,Nate,CobraBrouk,Peanuty,Karldave,Jakemangle,Libgot,Qooter,Mercutiomats,Foonay,Oasis,2,2-0,ww,,CP,8.5,Mercy,,,,,,,,,,,,,,,,
11/26/2017,Evening,89,2681,2652,-29,-1,L,2647,2653,6,JustWingIt,Guthix,PositivePete,HappyBagel,JazzyJay,WolfBane,WhereisAaron,Dangerous007,Manslain,Azunyan,Colwei,Jeffryce,Dorado,1,2,71.16,0,ATtack,8,Mercy,,,,,,,,,,,,,,,,
11/26/2017,Evening,89,,,,-1,L,2647,2653,6,JustWingIt,Guthix,PositivePete,HappyBagel,JazzyJay,WolfBane,WhereisAaron,Dangerous007,Manslain,Azunyan,Colwei,Jeffryce,Dorado,2,3,71.17,2,Defense,6,Mercy,,,,,,,,,,,,,,,,
11/26/2017,Evening,90,2652,2632,-20,-2,L,2648,2642,-6,JustWingIt,Jinxer,HailBreather,Angel12,Haydendinkel,Jakus,Chocomilk,Octokitty,Kuraiflash,GLB,HappyBagel,Rickastley,Ilios,2,0-2,ll,,CP,8,Lucio,Moira,,,,,,,,,,,,,,,
11/27/2017,Night,91,2632,2611,-21,-3,L,2624,2656,32,JustWingIt,Cptcappins,Edgelord9000,SwankyPants,Tr3vor,VicVinegar,LordGod,Weseski,DaonlyDagger,FriedNoodles,Hotchimichan,Pappa,Eichenwalde,1,0,,0,ATtack,4,Moira,,,,,,,,,,,,,,,,
11/27/2017,Night,91,,,,-3,L,2624,2656,32,JustWingIt,Cptcappins,Edgelord9000,SwankyPants,Tr3vor,VicVinegar,LordGod,Weseski,DaonlyDagger,FriedNoodles,Hotchimichan,Pappa,Eichenwalde,2,1,,0,Defense,4,Moira,,,,,,,,,,,,,,,,
11/27/2017,Night,92,2611,2634,23,1,W,2602,2590,-12,JustWingIt,MrBeast116,Maxlaterreur,Jaepoori,Doctm,Stonedfire,Budz,DKang,Rxlizard,Mingo,Imdeadinside,Kaze,Hanamura,1,2,,0,ATtack,8.5,Moira,,,,,,,,,,,,,,,,
11/27/2017,Night,92,,,,1,W,2602,2590,-12,JustWingIt,MrBeast116,Maxlaterreur,Jaepoori,Doctm,Stonedfire,Budz,DKang,Rxlizard,Mingo,Imdeadinside,Kaze,Hanamura,2,0,,0,Defense,4,Moira,,,,,,,,,,,,,,,,
11/27/2017,Night,93,2634,2607,-27,-1,L,2649,2648,-1,JustWingIt,Angelxd20,Dport1731,Yang,Kirbsee,Largewang420,Dread,Luvsick,Tool,Izak,N1g,Vee,Numbani,1,1,85.06,0,ATtack,7,Zarya,,,,,,,,,,,,,,,,
11/27/2017,Night,93,,,,-1,L,2649,2648,-1,JustWingIt,Angelxd20,Dport1731,Yang,Kirbsee,Largewang420,Dread,Luvsick,Tool,Izak,N1g,Vee,Numbani,2,2,85.07,3,Defense,7,Zarya,Orisa,,,,,,,,,,,,,,,
11/27/2017,Night,94,2607,2631,24,1,W,-,-,-,JustWingIt,Slur,Troybaggins,BnetPlayer,Okay,Tybfamkam,DemiGod,Panwen,Gizmo,DanyMoon,Gecco13,Laxtlc12,Hollywood,1,1,112.01,0,Defense,7,Mercy,,,,,,,,,,,,,,,,
11/27/2017,Night,94,,,,1,W,-,-,-,JustWingIt,Slur,Troybaggins,BnetPlayer,Okay,Tybfamkam,DemiGod,Panwen,Gizmo,DanyMoon,Gecco13,Laxtlc12,Hollywood,2,2,112.02,0,ATtack,7,Mercy,,,,,,,,,,,,,,,,
11/29/2017,Night,95,2631,2605,-26,-1,L,2650,2648,-2,JustWingIt,MrWaldo,Knockn,GiantDwarf,Beerman1,Shyatic,Iamsofaking,Xicodins,Justice,Jeffwhy,BSquared,Chachi,Horizon,1,2,,6:35,Defense,1.5,Moira,,,,,,,,,,,,,,,,
11/29/2017,Night,95,,,,-1,L,2650,2648,-2,JustWingIt,MrWaldo,Knockn,GiantDwarf,Beerman1,Shyatic,Iamsofaking,Xicodins,Justice,Jeffwhy,BSquared,Chachi,Horizon,2,1,,0,ATtack,8,Moira,,,,,,,,,,,,,,,,
11/29/2017,Night,96,2605,2627,22,1,W,2602,2578,-24,JustWingIt,Yobogoya,Matter,Thailia,Runespirit,Alec,Repomanzzzz,Wolfeh,BreakDownz,SofakingLit,Eileen,Markaleto,JunkerTown,1,1,97.75,0,ATtack,8,Moira,,,,,,,,,,,,,,,,
11/29/2017,Night,96,,,,1,W,2602,2578,-24,JustWingIt,Yobogoya,Matter,Thailia,Runespirit,Alec,Repomanzzzz,Wolfeh,BreakDownz,SofakingLit,Eileen,Markaleto,JunkerTown,2,0,,0,Defense,4,Dva,Zarya,,,,,,,,,,,,,,,
11/29/2017,Night,97,2627,2604,-23,-1,L,2643,2645,2,JustWingIt,MrWaldo,Alec,Hart,Kingrico,Moohab,Phobos,LiquidFlux,Shockrave,Crimsonchin,Paradox,SoulWax,Route 66,1,1,86,0,ATtack,7,Moira,,,,,,,,,,,,,,,,
11/29/2017,Night,97,,,,-1,L,2643,2645,2,JustWingIt,MrWaldo,Alec,Hart,Kingrico,Moohab,Phobos,LiquidFlux,Shockrave,Crimsonchin,Paradox,SoulWax,Route 66,2,2,86.01,0,Defense,7,Moira,,,,,,,,,,,,,,,,
11/29/2017,Night,98,2604,2626,22,1,W,2590,2603,13,JustWingIt,Andilion,Papabless,MrWaldo,Findle,Kekekkeson,Bamft,Naaksu,Isaaaaac,SelfMade,Echonomixx,Kissowa,Eichenwalde,1,3,67.69,3:32,Attack,4.5,Moira,,,,,,,,,,,,,,,,
11/29/2017,Night,98,,,,1,W,2590,2603,13,JustWingIt,Andilion,Papabless,MrWaldo,Findle,Kekekkeson,Bamft,Naaksu,Isaaaaac,SelfMade,Echonomixx,Kissowa,Eichenwalde,2,1,,0,Defense,7,Moira,,,,,,,,,,,,,,,,
11/29/2017,Night,99,2626,2649,23,2,W,2634,2641,7,JustWingIt,Snowfox,Tiger,RainofFire,Stigs,Zenkika,Ramoc,MostlyDead,Troybarnes,Skull,Jk469,Ktec,Oasis,2,2-0,ww,,CP,8,Mercy,Ana,,,,,,,,,,,,,,,
11/29/2017,Night,100,2649,2629,-20,-1,L,2645,2647,2,JustWingIt,Mashu,Ayydan,BurnRuby,Broadcastg,Ungrave,BnetPlayer,DJC6986,Snowfox,Wagyu,Phinexx,Zargeta,Lijang,2,0-2,ll,,CP,9,Lucio,,,,,,,,,,,,,,,,
11/29/2017,Night,101,2629,2604,-25,-2,L,2645,2659,14,JustWingIt,Donschlong,RiceKrispy,JeffNapkin,Phinexx,Zargeta,Token,Shogun226,Shimada,Jeffwhy,Nokes,CoolAdam69,Temple of Anubis,1,1,,0,Attack,8,Mercy,,,,,,,,,,,,,,,,
11/29/2017,Night,101,,,,-2,L,2645,2659,14,JustWingIt,Donschlong,RiceKrispy,JeffNapkin,Phinexx,Zargeta,Token,Shogun227,Shimada,Jeffwhy,Nokes,CoolAdam70,Temple of Anubis,2,2,,0,Defense,8,Mercy,,,,,,,,,,,,,,,,
11/29/2017,Night,102,2604,2625,21,1,W,2618,2566,-52,JustWingIt,D4n13l,Dnguyen06,Dragynslayr,Thingkiller,Wolfhaley,JeffNapkin,Leviathan,GayhiQueen,Triggered,(Korean),(korean),Gibraltar,1,0,79.05,0,Defense,4,Moira,,,,,,,,,,,,,,,,
11/29/2017,Night,102,,,,1,W,2618,2566,-52,JustWingIt,D4n13l,Dnguyen07,Dragynslayr,Thingkiller,Wolfhaley,JeffNapkin,Leviathan,GayhiQueen,Triggered,(Korean),(korean),Gibraltar,2,1,79.06,2,Attack,2,Moira,,,,,,,,,,,,,,,,
11/29/2017,Night,103,2625,2646,21,2,W,2605,2596,-9,JustWingIt,Nizzy2k11,Leviathan,Mathema,Bisonmeat,Gragundier,Pookie,AbetheKat,SlippyDude,Ravge,BaraZanala,Misschief,Eichenwalde,1,3,,0,Defense,8,Moira,,,,,,,,,,,,,,,,
11/29/2017,Night,103,,,,2,W,2605,2596,-9,JustWingIt,Nizzy2k11,Leviathan,Mathema,Bisonmeat,Gragundier,Pookie,AbetheKat,SlippyDude,Ravge,BaraZanala,Misschief,Eichenwalde,2,3,,0,Attack,8,Moira,,,,,,,,,,,,,,,,
11/29/2017,Night,103,,,,2,W,2605,2596,-9,JustWingIt,Nizzy2k11,Leviathan,Mathema,Bisonmeat,Gragundier,Pookie,AbetheKat,SlippyDude,Ravge,BaraZanala,Misschief,Eichenwalde,3,1,,0,Defense,1,Mercy,,,,,,,,,,,,,,,,
11/29/2017,Night,103,,,,2,W,2605,2596,-9,JustWingIt,Nizzy2k11,Leviathan,Mathema,Bisonmeat,Gragundier,Pookie,AbetheKat,SlippyDude,Ravge,BaraZanala,Misschief,Eichenwalde,4,2,,0,Attack,1,Moira,,,,,,,,,,,,,,,,
11/30/2017,NIght,104,2646,2672,26,3,W,2982,2983,1,JustWingIt,Havefun,Owowhatsthis,R3venge,Continuum,Tvnettnett,Snklolaot,Anamaltic,Bengina,Happyfeet,Kingxian,Nomadik,Nepal,3,2-1,lww,,CP,13.5,Moira,,,,,,,,,,,,,,,,
11/30/2017,NIght,105,2672,2651,-21,-1,L,2993,3026,33,JustWingIt,Havefun,Owowhatsthis,Trollinghawk,Frigofflahey,Shadowledge,Billfz,DrWhales,Hatedriven,Dijon,Pangledtubes,Phoenix,King's Row,1,3,,3.5,Defense,4.5,Moira,,,,,,,,,,,,,,,,
11/30/2017,NIght,105,,,,-1,L,2993,3026,33,JustWingIt,Havefun,Owowhatsthis,Trollinghawk,Frigofflahey,Shadowledge,Billfz,DrWhales,Hatedriven,Dijon,Pangledtubes,Phoenix,King's Row,2,3,,0,Attack,8,Moira,,,,,,,,,,,,,,,,
11/30/2017,NIght,105,,,,-1,L,2993,3026,33,JustWingIt,Havefun,Owowhatsthis,Trollinghawk,Frigofflahey,Shadowledge,Billfz,DrWhales,Hatedriven,Dijon,Pangledtubes,Phoenix,King's Row,3,1,,0.5,Defense,3,Moira,,,,,,,,,,,,,,,,
11/30/2017,NIght,106,2651,2635,-16,-2,L,2988,3030,42,JustWingIt,Havefun,Owowhatsthis,Bulldog5469,Svlvd,Xerxes,Bladehuraska,Luvdva,Calypso,Ezmode,Speedy,Sticknasty,Eichenwalde,1,2,61.73,0,Attack,8,Ana,,,,,,,,,,,,,,,,
11/30/2017,NIght,106,,,,-2,L,2988,3030,42,JustWingIt,Havefun,Owowhatsthis,Bulldog5469,Svlvd,Xerxes,Bladehuraska,Luvdva,Calypso,Ezmode,Speedy,Sticknasty,Eichenwalde,2,3,61.74,0.5,Defense,7.5,Ana,,,,,,,,,,,,,,,,
12/1/2017,Afternoon,107,2635,2610,-25,-3,L,2887,2876,-11,JustWingIt,OWOWhatsthis,Paradox1332,Daxter,Garso,Coba,meanPanda,Madao,Mazalaza,HakunaMatata,Kaladosv2,Zuigiv2,Hanamura,1,1,,0,Attack,8,Moira,,,,,,,,,,,,,,,,
12/1/2017,Afternoon,107,,,,-3,L,2887,2876,-11,JustWingIt,OWOWhatsthis,Paradox1333,Daxter,Garso,Coba,meanPanda,Madao,Mazalaza,HakunaMatata,Kaladosv3,Zuigiv3,Hanamura,2,2,,4,Defense,4,Moira,,,,,,,,,,,,,,,,
12/1/2017,Afternoon,108,2610,2630,20,1,W,2896,2862,-34,JustWingIt,OWOWhatsthis,Rvriyu,Ogre,Channinge36,Buzh3rd,BigManting,OneWngDangel,Ghost,Domenic,DreamSkape,Ebgamesevan,Volskaya,1,2,,5:57,Attack,2,Zen,,,,,,,,,,,,,,,,
12/1/2017,Afternoon,108,,,,1,W,2896,2862,-34,JustWingIt,OWOWhatsthis,Rvriyu,Ogre,Channinge36,Buzh3rd,BigManting,OneWngDangel,Ghost,Domenic,DreamSkape,Ebgamesevan,Volskaya,2,1,,0,Defense,8,Zen,,,,,,,,,,,,,,,,
12/1/2017,Afternoon,109,2630,2608,-22,-1,L,2629,2649,20,JustWingIt,Tacodom,Dez,Lukey,Nephilim,Tenkai,DeathJohn,Charley,Jayce,Altair,Lampy206,Skeecoops,Nepal,2,0-2,ll,,CP,10,Moira,,,,,,,,,,,,,,,,
12/1/2017,Afternoon,110,2608,2629,21,1,W,2595,2602,7,JustWingIt,Cockleshaft,Markwu,Dewk,Konker,Fadelessz,Blockbusting,Notathot,Rexraptor,Bob,Dad,W3rmz,JunkerTown,1,1,67.11,1,Attack,7,Moira,,,,,,,,,,,,,,,,
12/1/2017,Afternoon,110,,,,1,W,2595,2602,7,JustWingIt,Cockleshaft,Markwu,Dewk,Konker,Fadelessz,Blockbusting,Notathot,Rexraptor,Bob,Dad,W3rmz,JunkerTown,2,1,,0,Defense,7,Moira,,,,,,,,,,,,,,,,
12/1/2017,Afternoon,111,2629,2654,25,2,W,2642,2638,-4,JustWingIt,AsianCow5,Aimbot,Fluffyv2,Nanerpuss,CheesyWantan,Lclicklegend,Ham,Dxsofartnokr,Zaryamainbtw,OneRival,MrGoldenFold,Gibraltar,1,3,88.63,2,Attack,6,Moira,,,,,,,,,,,,,,,,
12/1/2017,Afternoon,111,,,,2,W,2642,2638,-4,JustWingIt,AsianCow5,Aimbot,Fluffyv2,Nanerpuss,CheesyWantan,Lclicklegend,Ham,Dxsofartnokr,Zaryamainbtw,OneRival,MrGoldenFold,Gibraltar,2,0,,0,Defense,4,Moira,,,,,,,,,,,,,,,,
12/1/2017,Afternoon,112,2654,2626,-28,-1,L,2658,2637,-21,JustWingIt,Lekoibito,Chost1129,(Korean),Cedien,PurpleDrank,Ham,OneRival,Grosjardin,Catfish,Kennypowers,Wokath,Eichenwalde,1,1,109.77,0,Attack,7,Moira,,,,,,,,,,,,,,,,
12/1/2017,Afternoon,112,,,,-1,L,2658,2637,-21,JustWingIt,Lekoibito,Chost1130,(Korean),Cedien,PurpleDrank,Ham,OneRival,Grosjardin,Catfish,Kennypowers,Wokath,Eichenwalde,2,2,109.78,0,Defense,7,Moira,,,,,,,,,,,,,,,,
12/1/2017,Afternoon,113,2626,2601,-25,-2,L,2617,2572,-45,JustWingIt,Mattybmurdah,Papabear,Carpediem,Frenkz,Brianucky,NinjaBeast,Dgawld,Agsmurfer,Sixfo,Galineous,Notmccree,Dorado,1,2,77.06,0,Attack,8,Moira,,,,,,,,,,,,,,,,
12/1/2017,Afternoon,113,,,,-2,L,2617,2572,-45,JustWingIt,Mattybmurdah,Papabear,Carpediem,Frenkz,Brianucky,NinjaBeast,Dgawld,Agsmurfer,Sixfo,Galineous,Notmccree,Dorado,2,3,77.07,0,Defense,7,Moira,,,,,,,,,,,,,,,,
12/2/2017,Afternoon,114,2601,2623,22,1,W,2828,2848,20,JustWingIt,OWOWhatsthis,HappyFeet,AffectedHalf,BimboJimbo,Xiltix,Fridgememe,Spekulations,Machete,damsandler,Fiend,Raynorwilky,King's Row,1,3,70.19,2:07,Attack,6,Moira,,,,,,,,,,,,,,,,
12/2/2017,Afternoon,114,,,,1,W,2828,2848,20,JustWingIt,OWOWhatsthis,HappyFeet,AffectedHalf,BimboJimbo,Xiltix,Fridgememe,Spekulations,Machete,damsandler,Fiend,Raynorwilky,King's Row,2,3,70.19,1:20,Defense,6.5,Moira,,,,,,,,,,,,,,,,
12/2/2017,Afternoon,114,,,,1,W,2828,2848,20,JustWingIt,OWOWhatsthis,HappyFeet,AffectedHalf,BimboJimbo,Xiltix,Fridgememe,Spekulations,Machete,damsandler,Fiend,Raynorwilky,King's Row,3,0,,0,Defense,1.5,Moira,,,,,,,,,,,,,,,,
12/2/2017,Afternoon,114,,,,1,W,2828,2848,20,JustWingIt,OWOWhatsthis,HappyFeet,AffectedHalf,BimboJimbo,Xiltix,Fridgememe,Spekulations,Machete,damsandler,Fiend,Raynorwilky,King's Row,4,1,,1,Attack,0.5,Moira,,,,,,,,,,,,,,,,
12/2/2017,Afternoon,115,2623,2650,27,2,W,2889,2886,-3,JustWingIt,OWOWhatsthis,Great,Brotoss,alphawolfman,Termnatrskul,Druinnpanda,Erock,KraayFord,Scatter,DoomF,Shockrave,Lijang,2,2-0,ww,,CP,10,Moira,,,,,,,,,,,,,,,,
12/2/2017,Afternoon,116,2650,2650,0,0,Draw,2899,2894,-5,JustWingIt,OWOWhatsthis,Willslice,DSPMaxi,Eden,Drleon,Mazda,Great,Brotoss,RogueReaper,Lucio,Mememami,Hanamura,1,2,,4:14,Attack,4,Mercy,,,,,,,,,,,,,,,,
12/2/2017,Afternoon,116,,,,0,Draw,2899,2894,-5,JustWingIt,OWOWhatsthis,Willslice,DSPMaxi,Eden,Drleon,Mazda,Great,Brotoss,RogueReaper,Lucio,Mememami,Hanamura,2,2,,3:13,Defense,5,Mercy,,,,,,,,,,,,,,,,
12/2/2017,Afternoon,116,,,,0,Draw,2899,2894,-5,JustWingIt,OWOWhatsthis,Willslice,DSPMaxi,Eden,Drleon,Mazda,Great,Brotoss,RogueReaper,Lucio,Mememami,Hanamura,3,1,,0,Defense,3,Mercy,,,,,,,,,,,,,,,,
12/2/2017,Afternoon,116,,,,0,Draw,2899,2894,-5,JustWingIt,OWOWhatsthis,Willslice,DSPMaxi,Eden,Drleon,Mazda,Great,Brotoss,RogueReaper,Lucio,Mememami,Hanamura,4,1,,0,Attack,4,Mercy,,,,,,,,,,,,,,,,
12/2/2017,Afternoon,117,2650,2674,24,3,W,2894,2895,1,JustWingIt,OWOWhatsthis,Swagdelama,Vesp,F4tel3ss,Lukini,QuixyMixy,Blurage,Tomek,Vinhoc,CyberGenji,LTO,Numbani,1,2,,0,Attack,8,Moira,,,,,,,,,,,,,,,,
12/2/2017,Afternoon,117,,,,3,W,2894,2895,1,JustWingIt,OWOWhatsthis,Swagdelama,Vesp,F4tel3ss,Lukini,QuixyMixy,Blurage,Tomek,Vinhoc,CyberGenji,LTO,Numbani,2,0,,0,Defense,4,Moira,,,,,,,,,,,,,,,,
12/2/2017,Afternoon,118,2674,2650,-24,-1,L,-,-,-,JustWingIt,OWOWhatsthis,Burzghash,Harrrhoooo,ZebraFfe,ShadyShadow,Appleanche,Yms,Omsk,JohnClark,Flamant,Johnni,Eichenwalde,1,3,67.69,2:30,Defense,5.5,Moira,,,,,,,,,,,,,,,,
12/2/2017,Afternoon,118,,,,-1,L,-,-,-,JustWingIt,OWOWhatsthis,Burzghash,Harrrhoooo,ZebraFfe,ShadyShadow,Appleanche,Yms,Omsk,JohnClark,Flamant,Johnni,Eichenwalde,2,2,67.6,0,Attack,8,Moira,,,,,,,,,,,,,,,,
12/2/2017,Afternoon,119,2650,2625,-25,-2,L,2907,2907,0,JustWingIt,OWOWhatsthis,izuna,Pizzaaa,Spizgg,mantis,Wuyifan,Brain,CJSU,POGChamp,UBIVayemym,Serkhar,JunkerTown,1,3,,2,Defense,6,Moira,,,,,,,,,,,,,,,,
12/2/2017,Afternoon,119,,,,-2,L,2907,2907,0,JustWingIt,OWOWhatsthis,izuna,Pizzaaa,Spizgg,mantis,Wuyifan,Brain,CJSU,POGChamp,UBIVayemym,Serkhar,JunkerTown,2,1,,0,Attack,7,Moira,,,,,,,,,,,,,,,,
12/3/2017,Evening,120,2625,2603,-22,-3,L,2934,2937,3,JustWingIt,OWOWhatsthis,Jason,Syncorex,Drewboos,Mukarramma,Xxdmtxx,Quasar,Daddy,Kitten,PunchKid,Weakson,Route 66,1,3,,0,Defense,8,Mercy,,,,,,,,,,,,,,,,
12/3/2017,Evening,120,,,,-3,L,2934,2937,3,JustWingIt,OWOWhatsthis,Jason,Syncorex,Drewboos,Mukarramma,Xxdmtxx,Quasar,Daddy,Kitten,PunchKid,Weakson,Route 66,2,2,,0,Attack,8,Mercy,,,,,,,,,,,,,,,,
12/3/2017,Evening,121,2603,2577,-26,-4,L,2596,2595,-1,JustWingIt,Noogin,Cakeslayer,MisterVu,ItsCharlyftw,Shadalookaos,Mccarte5,Tassadank,Hummus,MrBlonde,Cancel,Piotr,Horizon,1,2,,5:24,Defense,2.5,Moira,,,,,,,,,,,,,,,,
12/3/2017,Evening,121,,,,-4,L,2596,2595,-1,JustWingIt,Noogin,Cakeslayer,MisterVu,ItsCharlyftw,Shadalookaos,Mccarte5,Tassadank,Hummus,MrBlonde,Cancel,Piotr,Horizon,2,0,,0,Attack,8,Moira,,,,,,,,,,,,,,,,
12/3/2017,Evening,122,2577,2554,-23,-5,L,2559,2589,30,JustWingIt,Runaway,Pewx3,Ben,Cocoteriyaki,Daz,ProGenji,Crow,Copiouspuppy,Dahlin,Lilsteezyguy,IRipinpperoni,Ilios,3,1-2,lwl,,CP,,Lucio,Moira,,,,,,,,,,,,,,,
12/3/2017,Evening,123,2554,2577,23,1,W,2547,2530,-17,JustWingIt,Raccoon,Blank,Amoney,Cancel,Piotr,Mike,BabyBear,TDames,QwertyBob89,Execute,Snow,Volskaya,1,2,,4:53,Attack,3,Moira,,,,,,,,,,,,,,,,
12/3/2017,Evening,123,,,,1,W,2547,2530,-17,JustWingIt,Raccoon,Blank,Amoney,Cancel,Piotr,Mike,BabyBear,TDames,QwertyBob89,Execute,Snow,Volskaya,2,1,,0,Defense,8,Moira,,,,,,,,,,,,,,,,
12/3/2017,Evening,124,2577,2603,26,2,W,2571,2599,28,JustWingIt,Cruel,Kixle,NicoC0007,Noellalee,Walker,NeiWei,JlPrich3,NotFarkus,Darkslayer32,Dipsy,Toasty295,Numbani,1,2,59.63,0,Attack,8,Moira,,,,,,,,,,,,,,,,
12/3/2017,Evening,124,,,,2,W,2571,2599,28,JustWingIt,Cruel,Kixle,NicoC0007,Noellalee,Walker,NeiWei,JlPrich3,NotFarkus,Darkslayer32,Dipsy,Toasty295,Numbani,2,2,59.6,0,Defense,8,Moira,,,,,,,,,,,,,,,,
12/3/2017,Evening,125,2603,2625,22,3,W,2591,2599,8,JustWingIt,LuckyFoxx,Migzor,Toxicalt,Hakahina,MattyBmurdah,DrZenyatta,Hiddenpants,Darkvoid247,ZerosRank,McKasa,MoonPotato,King's Row,1,0,,0,ATtack,4,Moira,,,,,,,,,,,,,,,,
12/3/2017,Evening,125,,,,3,W,2591,2599,8,JustWingIt,LuckyFoxx,Migzor,Toxicalt,Hakahina,MattyBmurdah,DrZenyatta,Hiddenpants,Darkvoid247,ZerosRank,McKasa,MoonPotato,King's Row,2,0,,0,Defense,4,Mercy,,,,,,,,,,,,,,,,
12/3/2017,Evening,126,2625,2659,34,4,W,2583,2588,5,JustWingIt,Interval,Oliverburke,Mimsyyy,GabetheDog,Hey,Equally,Castastic,TheSicness,Authentic,Luna,McWendyKings,Horizon,1,0,,0,Defense,4,Mercy,,,,,,,,,,,,,,,,
12/3/2017,Evening,126,,,,4,W,2583,2588,5,JustWingIt,Interval,Oliverburke,Mimsyyy,GabetheDog,Hey,Equally,Castastic,TheSicness,Authentic,Luna,McWendyKings,Horizon,2,0,,0,ATtack,4,Mercy,,,,,,,,,,,,,,,,
12/3/2017,Evening,127,2659,2635,-24,-1,L,2658,2657,-1,JustWingIt,Whitemamba,Roll,Va3tox,Alakai,PiklPuncher,Linkage39,Sloth,Ouchy,NevarLose,Magnan,Butt,Eichenwalde,1,2,37.13,0,ATtack,8,Moira,,,,,,,,,,,,,,,,
12/3/2017,Evening,127,,,,-1,L,2658,2657,-1,JustWingIt,Whitemamba,Roll,Va3tox,Alakai,PiklPuncher,Linkage40,Sloth,Ouchy,NevarLose,Magnan,Butt,Eichenwalde,2,2,37.14,2,Defense,6,Mercy,,,,,,,,,,,,,,,,
12/5/2017,NIght,128,2635,2661,26,1,W,2650,2646,-4,JustWingIt,x412,Deesul,Kenneth,Broccoli,Xineon,H20Classic,Presada,Tansei,XilPhoenix,OfficerBuck,Oni,Temple of Anubis,1,1,,0,ATtack,8,Moira,,,,,,,,,,,,,,,,
12/5/2017,NIght,128,,,,1,W,2650,2646,-4,JustWingIt,x412,Deesul,Kenneth,Broccoli,Xineon,H20Classic,Presada,Tansei,XilPhoenix,OfficerBuck,Oni,Temple of Anubis,2,1,,0,Defense,8,Moira,,,,,,,,,,,,,,,,
12/5/2017,NIght,129,2661,2637,-24,-1,L,2659,-,-,JustWingIt,Relyks,Ggfanatic,LazyFish,Gelato,Yogurt,Coach,Brianrevy,Fratalian,Xwolf,Donut,Icarus,Ilios,2,0-2,ll,,CP,8w,Moira,Lucio,,,,,,,,,,,,,,,
12/5/2017,NIght,130,2637,2612,-25,-2,L,2649,2652,3,JustWingIt,Miercolayy,Pokestah,Bubblesort,Celes,Kappa,Neichus,Meekstuh,Spookyvamp,Evileonre4,Jvidalmx,Novation,Hanamura,1,2,,4:22,Defense,4,Mercy,Lucio,,,,,,,,,,,,,,,
12/5/2017,NIght,130,,,,-2,L,2649,2652,3,JustWingIt,Miercolayy,Pokestah,Bubblesort,Celes,Kappa,Neichus,Meekstuh,Spookyvamp,Evileonre5,Jvidalmx,Novation,Hanamura,2,1,,0,ATtack,8,Zen,Lucio,,,,,,,,,,,,,,,
12/5/2017,NIght,131,2612,2587,-25,-3,L,2594,2585,-9,JustWingIt,Joeymaru,Hermes,Jaystro,Caiti,TB97,Sombrale,JoeyFams,Wombatcombat,Frantic,Nicolasagna,Viktorcreed,JunkerTown,1,2,,0,Defense,8,Moira,,,,,,,,,,,,,,,,
12/5/2017,NIght,131,,,,-3,L,2594,2585,-9,JustWingIt,Joeymaru,Hermes,Jaystro,Caiti,TB97,Sombrale,JoeyFams,Wombatcombat,Frantic,Nicolasagna,Viktorcreed,JunkerTown,2,0,,0,ATtack,4,Moira,,,,,,,,,,,,,,,,
12/5/2017,NIght,132,2587,2562,-25,-4,L,2595,2596,1,JustWingIt,Norj,Hbomb,Drago,Nicolasagna,Viktorcreed,Psychodad,Widowswitch,Flurp,ManFacedGod,Phinexx,Zargeta,Horizon,1,2,,2:17,ATtack,6,Moira,,,,,,,,,,,,,,,,
12/5/2017,NIght,132,,,,-4,L,2595,2596,1,JustWingIt,Norj,Hbomb,Drago,Nicolasagna,Viktorcreed,Psychodad,Widowswitch,Flurp,ManFacedGod,Phinexx,Zargeta,Horizon,2,2,,4:02,Defense,4,Mercy,,,,,,,,,,,,,,,,
12/5/2017,NIght,132,,,,-4,L,2595,2596,1,JustWingIt,Norj,Hbomb,Drago,Nicolasagna,Viktorcreed,Psychodad,Widowswitch,Flurp,ManFacedGod,Phinexx,Zargeta,Horizon,3,1,,0,Defense,2.5,Moira,,,,,,,,,,,,,,,,
12/5/2017,NIght,132,,,,-4,L,2595,2596,1,JustWingIt,Norj,Hbomb,Drago,Nicolasagna,Viktorcreed,Psychodad,Widowswitch,Flurp,ManFacedGod,Phinexx,Zargeta,Horizon,4,0,,0,ATtack,4,Moira,,,,,,,,,,,,,,,,
12/8/2017,NIght,133,2562,2540,-22,-5,L,2525,2517,-8,JustWingIt,Decanter,AsianHaitaian,Pretzellis,BigSowce,Kalthen,Monstar86,Dragon,Arceus,Ayden,LastWolf,Leeroy,Eichenwalde,1,1,122.64,0,Defense,7,Moira,,,,,,,,,,,,,,,,
12/8/2017,NIght,133,,,,-5,L,2525,2517,-8,JustWingIt,Decanter,AsianHaitaian,Pretzellis,BigSowce,Kalthen,Monstar87,Dragon,Arceus,Ayden,LastWolf,Leeroy,Eichenwalde,2,1,,0,ATtack,7,Moira,,,,,,,,,,,,,,,,
12/8/2017,NIght,134,2540,2518,-22,-6,L,2515,2524,9,JustWingIt,AirforceJuan,Advdarkness,YobroSeidon,AsianGuy,PeterPeterLi,Vadimirpudn,Bercortez,Falgorr,Monstar86,TheSystem,Yirg,Volskaya,1,2,,2:20,Defense,6.5,Moira,,,,,,,,,,,,,,,,
12/8/2017,NIght,134,,,,-6,L,2515,2524,9,JustWingIt,AirforceJuan,Advdarkness,YobroSeidon,AsianGuy,PeterPeterLi,Vadimirpudn,Bercortez,Falgorr,Monstar87,TheSystem,Yirg,Volskaya,2,2,,1:54,ATtack,7,Moira,,,,,,,,,,,,,,,,
12/8/2017,NIght,134,,,,-6,L,2515,2524,9,JustWingIt,AirforceJuan,Advdarkness,YobroSeidon,AsianGuy,PeterPeterLi,Vadimirpudn,Bercortez,Falgorr,Monstar88,TheSystem,Yirg,Volskaya,3,1,,0,ATtack,2,Lucio,,,,,,,,,,,,,,,,
12/8/2017,NIght,134,,,,-6,L,2515,2524,9,JustWingIt,AirforceJuan,Advdarkness,YobroSeidon,AsianGuy,PeterPeterLi,Vadimirpudn,Bercortez,Falgorr,Monstar89,TheSystem,Yirg,Volskaya,4,2,,0,Defense,2.5,Ana,,,,,,,,,,,,,,,,
12/9/2017,Early Morning,135,2518,2548,30,1,W,2882,2891,9,JustWingIt,OwoWhatsthis,Phoenix,BaddRobot99,Luap,Sacrox,DrWhiteboy,Strokeweed,Vigilant,Galactic,MrPigleton,Belisarius,Numbani,1,2,,,Defense,8,Mercy,,,,,,,,,,,,,,,,
12/9/2017,Early Morning,135,,,,1,W,2882,2891,9,JustWingIt,OwoWhatsthis,Phoenix,BaddRobot100,Luap,Sacrox,DrWhiteboy,Strokeweed,Vigilant,Galactic,MrPigleton,Belisarius,Numbani,2,2,,,ATtack,7,Moira,,,,,,,,,,,,,,,,
12/9/2017,Early Morning,136,2548,2528,-20,-1,L,2891,2890,-1,JustWingIt,OwoWhatsthis,Zephyr,Ratstick,Galactic,MrPigleton,Josiah,DoomFoot,SchfiftyFive,Stratagem,Baddrobot99,Luap,Hollywood,1,3,79.06,0,Defense,8,Mercy,,,,,,,,,,,,,,,,
12/9/2017,Early Morning,136,,,,-1,L,2891,2890,-1,JustWingIt,OwoWhatsthis,Zephyr,Ratstick,Galactic,MrPigleton,Josiah,DoomFoot,SchfiftyFive,Stratagem,Baddrobot100,Luap,Hollywood,2,1,,0,ATtack,7,Moira,,,,,,,,,,,,,,,,
12/9/2017,Early Morning,137,2528,2560,32,1,W,2891,2892,1,JustWingIt,OwoWhatsthis,Rigor,Chuchuyeah,JeannyLam09,Phoenix,UntamableGod,QualityBeans,Craghack,Talon,ColdSalmon,Swaginator,King's Row,1,3,70.19,2:37,ATtack,6,Mercy,,,,,,,,,,,,,,,,
12/9/2017,Early Morning,137,,,,1,W,2891,2892,1,JustWingIt,OwoWhatsthis,Rigor,Chuchuyeah,JeannyLam10,Phoenix,UntamableGod,QualityBeans,Craghack,Talon,ColdSalmon,Swaginator,King's Row,2,3,70.19,0,Defense,8,Mercy,,,,,,,,,,,,,,,,
12/9/2017,Early Morning,137,,,,1,W,2891,2892,1,JustWingIt,OwoWhatsthis,Rigor,Chuchuyeah,JeannyLam11,Phoenix,UntamableGod,QualityBeans,Craghack,Talon,ColdSalmon,Swaginator,King's Row,3,1,,0,ATtack,,Mercy,,,,,,,,,,,,,,,,
12/9/2017,Early Morning,138,2560,2538,-22,-1,L,2892,2886,-6,JustWingIt,OwoWhatsthis,QualityBeans,Fez,Rigor,SSearchh,Koinzell,YouTrolli,Arlorin,Relax,Nekonekogirl,TheDangus,Route 66,1,3,,0,Defense,8,Mercy,,,,,,,,,,,,,,,,
12/9/2017,Early Morning,138,,,,-1,L,2892,2886,-6,JustWingIt,OwoWhatsthis,QualityBeans,Fez,Rigor,SSearchh,Koinzell,YouTrolli,Arlorin,Relax,Nekonekogirl,TheDangus,Route 66,2,0,,0,ATtack,4,Mercy,,,,,,,,,,,,,,,,
12/9/2017,Early Morning,139,2538,2563,25,1,W,2880,2878,-2,JustWingIt,OwoWhatsthis,MercyHerself,Youtrolli,NekoNekoGirl,TheDangus,PapaSmerf,Kanye,Navorcen,Rojaynola,SchfiftyFive,Stratagem,junkerTown,1,3,90.01,0,Defense,8,Mercy,,,,,,,,,,,,,,,,
12/9/2017,Early Morning,139,,,,1,W,2880,2878,-2,JustWingIt,OwoWhatsthis,MercyHerself,Youtrolli,NekoNekoGirl,TheDangus,PapaSmerf,Kanye,Navorcen,Rojaynola,SchfiftyFive,Stratagem,junkerTown,2,3,90.02,0,ATtack,8,Mercy,,,,,,,,,,,,,,,,
12/9/2017,Early Morning,140,2563,2542,-21,-1,L,2881,2908,27,JustWingIt,OwoWhatsthis,TweakUnique,Koinzell,NuggetSfan,Oim,Josiah,ChodeMonster,Korosu,Playster,Zada,S3rPent,Volskaya,1,2,,3:38,Defense,4.5,Moira,,,,,,,,,,,,,,,,
12/9/2017,Early Morning,140,,,,-1,L,2881,2908,27,JustWingIt,OwoWhatsthis,TweakUnique,Koinzell,NuggetSfan,Oim,Josiah,ChodeMonster,Korosu,Playster,Zada,S3rPent,Volskaya,2,2,,4:25,ATtack,3.5,Mercy,,,,,,,,,,,,,,,,
12/9/2017,Early Morning,140,,,,-1,L,2881,2908,27,JustWingIt,OwoWhatsthis,TweakUnique,Koinzell,NuggetSfan,Oim,Josiah,ChodeMonster,Korosu,Playster,Zada,S3rPent,Volskaya,3,2,,0:35,Defense,3,Moira,,,,,,,,,,,,,,,,
12/9/2017,Early Morning,140,,,,-1,L,2881,2908,27,JustWingIt,OwoWhatsthis,TweakUnique,Koinzell,NuggetSfan,Oim,Josiah,ChodeMonster,Korosu,Playster,Zada,S3rPent,Volskaya,4,1,,0,ATtack,4.5,Ana,,,,,,,,,,,,,,,,
12/9/2017,Early Morning,141,2542,2568,26,1,W,2525,2509,-16,JustWingIt,MooMooMooer,SmallGrlFire,Ayeline,Gorg,Playstashawn,SethTacular,Matt94,DevineDva,Endozero,Schweinster,Toohanrocks,Ilios,2,2-0,ww,,CP,7.5,Lucio,,,,,,,,,,,,,,,,
12/9/2017,Early Morning,142,2568,2592,24,2,W,2579,2607,28,JustWingIt,ADrunkbeer,ElatedLlama,Oover,Player05,Smurfdaddy,SmallGrlFire,FranPants,EHi11,Jailene,AlphaApollo,Fab,Eichenwalde,1,3,67.69,2:33,ATtack,5.5,Moira,,,,,,,,,,,,,,,,
12/9/2017,Early Morning,142,,,,2,W,2579,2607,28,JustWingIt,ADrunkbeer,ElatedLlama,Oover,Player06,Smurfdaddy,SmallGrlFire,FranPants,EHi12,Jailene,AlphaApollo,Fab,Eichenwalde,2,2,,0,Defense,8,Moira,,,,,,,,,,,,,,,,
12/9/2017,Early Morning,143,2592,2566,-26,-1,L,2596,2586,-10,JustWingIt,Agonizedme,Jaytee,Tabascocat,Starfire,Chiulin,MrMe09,Freddy,Segakun,Neon,Adrunkbeer,ElatedLlama,Gibraltar,1,1,62.68,0,ATtack,7,Moira,,,,,,,,,,,,,,,,
12/9/2017,Early Morning,143,,,,-1,L,2596,2586,-10,JustWingIt,Agonizedme,Jaytee,Tabascocat,Starfire,Chiulin,MrMe09,Freddy,Segakun,Neon,Adrunkbeer,ElatedLlama,Gibraltar,2,2,62.69,,Defense,,Moira,,,,,,,,,,,,,,,,
12/9/2017,Early Morning,144,2566,2588,22,1,W,2510,2505,-5,JustWingIt,Gunsup,Recycling,Gorilla,Irontalon,Salenita,Stick,Silas,ChubbyBunny,DoctorCowman,ChrisR34444,Epicv,Lijang,2,2-0,ww,,CP,6:30,Lucio,,,,,,,,,,,,,,,,
12/9/2017,Early Morning,145,2588,2618,30,2,W,2582,2579,-3,JustWingIt,ElatedLlama,TheLawgiver,Ghostdog,Taje,Shinra,Dtothed,Jaytee,McFreezy,Tnod,Lupit000000,Zhedaddy,Ilios,3,2-1,lww,,CP,14,Lucio,,,,,,,,,,,,,,,,
12/9/2017,Early Morning,146,2618,2640,22,3,W,2585,2590,5,JustWingIt,ElatedLlama,Redlink2,Gunsup,GrinningLamb,Firefistace,WrathofMath,Medic,ElonyBear,BasementGod,Kavisha,Nyacromancer,Numbani,1,0,,0,Defense,4,Mercy,,,,,,,,,,,,,,,,
12/9/2017,Early Morning,146,,,,3,W,2585,2590,5,JustWingIt,ElatedLlama,Redlink2,Gunsup,GrinningLamb,Firefistace,WrathofMath,Medic,ElonyBear,BasementGod,Kavisha,Nyacromancer,Numbani,2,1,,1,ATtack,3,Mercy,,,,,,,,,,,,,,,,
12/9/2017,Early Morning,147,2640,2615,-25,-1,L,2596,2571,-25,JustWingIt,ElatedLlama,Redlink2,Firefistace,HumanDuck,BigTenFour,DrWumbo,Tim,Betty,Phixpod,Swift,Xxdoomfistxx,Hollywood,1,3,,0,Defense,8,Mercy,,,,,,,,,,,,,,,,
12/9/2017,Early Morning,147,,,,-1,L,2596,2571,-25,JustWingIt,ElatedLlama,Redlink2,Firefistace,HumanDuck,BigTenFour,DrWumbo,Tim,Betty,Phixpod,Swift,Xxdoomfistxx,Hollywood,2,1,,0,ATtack,7,Moira,,,,,,,,,,,,,,,,
12/9/2017,Early Morning,148,2615,2640,25,1,W,2605,2599,-6,JustWingIt,ElatedLlama,Redlink2,Firefistace,Bozymski,Perry101,MajesticGoat,Bestia,Green,Joxerxen,Jupiter,London,Dorado,1,3,85.75,3:45,ATtack,3,Moira,,,,,,,,,,,,,,,,
12/9/2017,Early Morning,148,,,,1,W,2605,2599,-6,JustWingIt,ElatedLlama,Redlink3,Firefistace,Bozymski,Perry102,MajesticGoat,Bestia,Green,Joxerxen,Jupiter,London,Dorado,2,2,,0,Defense,8,Moira,,,,,,,,,,,,,,,,
12/9/2017,AFternoon,149,2640,2671,31,2,W,2656,2651,-5,JustWingIt,Peon2,Sanjelay,Mawman,AlphaDelta,Divinity,SaltyPretzl,TUna,Cacouloukiam,Aka3b00d,SliceMan57,Zero,Volskaya,1,0,,0,Defense,4,Mercy,,,,,,,,,,,,,,,,
12/9/2017,AFternoon,149,,,,2,W,2656,2651,-5,JustWingIt,Peon2,Sanjelay,Mawman,AlphaDelta,Divinity,SaltyPretzl,TUna,Cacouloukiam,Aka3b00d,SliceMan57,Zero,Volskaya,2,1,,0,ATtack,4,Mercy,,,,,,,,,,,,,,,,
12/9/2017,AFternoon,150,2671,2690,19,3,W,2658,2656,-2,JustWingIt,Supersam,Kingvulpini,SurfaceBrowu,Ahtee24,EarlCash,FullHavelset,Vin011,Agreen46,Kioolisyou,Chihiroyy,CurryBean520,King's Row,1,0,,0,Defense,4,Mercy,,,,,,,,,,,,,,,,
12/9/2017,AFternoon,150,,,,3,W,2658,2656,-2,JustWingIt,Supersam,Kingvulpini,SurfaceBrowu,Ahtee24,EarlCash,FullHavelset,Vin011,Agreen46,Kioolisyou,Chihiroyy,CurryBean520,King's Row,2,1,,0,ATtack,4,Zarya,,,,,,,,,,,,,,,,
12/9/2017,AFternoon,151,2690,2711,21,4,W,2705,2708,3,JustWingIt,Bash,XyzJ3su5,Sanden,KnightWing,J3rk,BigZam,Frank22,Typotenuse,DikyDikDixon,Mrsmilley13,FullTilt,Temple of Anubis,1,2,,0:35,Defense,8,Mercy,,,,,,,,,,,,,,,,
12/9/2017,AFternoon,151,,,,4,W,2705,2708,3,JustWingIt,Bash,XyzJ3su5,Sanden,KnightWing,J3rk,BigZam,Frank22,Typotenuse,DikyDikDixon,Mrsmilley13,FullTilt,Temple of Anubis,2,2,,6:48,ATtack,1.5,Mercy,,,,,,,,,,,,,,,,
12/9/2017,AFternoon,151,,,,4,W,2705,2708,3,JustWingIt,Bash,XyzJ3su5,Sanden,KnightWing,J3rk,BigZam,Frank22,Typotenuse,DikyDikDixon,Mrsmilley13,FullTilt,Temple of Anubis,3,3,,0:35,Defense,0.5,Mercy,,,,,,,,,,,,,,,,
12/9/2017,AFternoon,151,,,,4,W,2705,2708,3,JustWingIt,Bash,XyzJ3su5,Sanden,KnightWing,J3rk,BigZam,Frank22,Typotenuse,DikyDikDixon,Mrsmilley13,FullTilt,Temple of Anubis,4,1,,2,ATtack,4,Mercy,,,,,,,,,,,,,,,,
12/10/2017,Early Morning,152,2711,2685,-26,-1,L,2687,2707,20,JustWingIt,Sanjelay,Casey,Wabang,DrXheadFishX,(korean),Macatk,Luxord,Lancelote,Epic,WhatsCards,Xylira,JunkerTown,1,0,88.55,0,ATtack,4,Moira,,,,,,,,,,,,,,,,
12/10/2017,Early Morning,152,,,,-1,L,2687,2707,20,JustWingIt,Sanjelay,Casey,Wabang,DrXheadFishX,(korean),Macatk,Luxord,Lancelote,Epic,WhatsCards,Xylira,JunkerTown,2,1,88.56,1,Defense,3,Moira,,,,,,,,,,,,,,,,
12/10/2017,Early Morning,153,2685,2657,-28,-2,L,2675,2661,-14,JustWingIt,Sanjelay,Eggsdee,NinjaGhost,Poopfc,YourBoyacid,D1rty,DontBlink,Idenkiteki,Mayw1nd,Noahisugly,Shadowoptcal,Hoirzon,1,2,,3:55,Defense,4,Mercy,,,,,,,,,,,,,,,,
12/10/2017,Early Morning,153,,,,-2,L,2675,2661,-14,JustWingIt,Sanjelay,Eggsdee,NinjaGhost,Poopfc,YourBoyacid,D1rty,DontBlink,Idenkiteki,Mayw1nd,Noahisugly,Shadowoptcal,Hoirzon,2,0,,0,ATtack,4,Moira,,,,,,,,,,,,,,,,
12/10/2017,Early Morning,154,2657,2635,-22,-3,L,2645,2650,5,JustWingIt,Fantastik,Jayden,BrryBbenson,Jintrix,Postik2,TheHurtTurt,TheProdigyx,ChruchofJaa,Urmomsfav,Pretenddrugs,Sexhaver69,Eichenwalde,1,3,,0:40,Defense,7.5,Moira,,,,,,,,,,,,,,,,
12/10/2017,Early Morning,154,,,,-3,L,2645,2650,5,JustWingIt,Fantastik,Jayden,BrryBbenson,Jintrix,Postik3,TheHurtTurt,TheProdigyx,ChruchofJaa,Urmomsfav,Pretenddrugs,Sexhaver70,Eichenwalde,2,3,,:30,ATtack,7.5,Moira,,,,,,,,,,,,,,,,
12/10/2017,Early Morning,154,,,,-3,L,2645,2650,5,JustWingIt,Fantastik,Jayden,BrryBbenson,Jintrix,Postik4,TheHurtTurt,TheProdigyx,ChruchofJaa,Urmomsfav,Pretenddrugs,Sexhaver71,Eichenwalde,3,0,,0,ATtack,4,Moira,,,,,,,,,,,,,,,,
12/10/2017,Early Morning,154,,,,-3,L,2645,2650,5,JustWingIt,Fantastik,Jayden,BrryBbenson,Jintrix,Postik5,TheHurtTurt,TheProdigyx,ChruchofJaa,Urmomsfav,Pretenddrugs,Sexhaver72,Eichenwalde,4,1,,0,Defense,4,Moira,,,,,,,,,,,,,,,,
12/10/2017,Early Morning,155,2635,2610,-25,-4,L,2653,2648,-5,JustWingIt,Cuban,Magikshrooms,Advdarkness,SaltyPretzl,Aeributts,TheSpacePop,Arqueror,DanyMoon,Fonzie,TarikDreemk,Freischutz,Gibraltar,1,3,,0,Defense,8,Mercy,,,,,,,,,,,,,,,,
12/10/2017,Early Morning,155,,,,-4,L,2653,2648,-5,JustWingIt,Cuban,Magikshrooms,Advdarkness,SaltyPretzl,Aeributts,TheSpacePop,Arqueror,DanyMoon,Fonzie,TarikDreemk,Freischutz,Gibraltar,2,2,,0,ATtack,8,Mercy,,,,,,,,,,,,,,,,
12/10/2017,Early Morning,156,2610,2630,20,1,W,2603,2602,-1,JustWingIt,Cuban,BarDock,NoFrills,Adamacious,Perceushawk,SheepDog,ShrimpLyp,Giboc,Keysersoze,Badwar,Kaldeem,Temple of Anubis,1,0,,0,Defense,4,Mercy,,,,,,,,,,,,,,,,
12/10/2017,Early Morning,156,,,,1,W,2603,2602,-1,JustWingIt,Cuban,BarDock,NoFrills,Adamacious,Perceushawk,SheepDog,ShrimpLyp,Giboc,Keysersoze,Badwar,Kaldeem,TEmple of Anubis,2,1,,0,ATtack,4,Mercy,,,,,,,,,,,,,,,,
12/10/2017,Early Morning,157,2630,2601,-29,-1,L,2635,2635,0,justwingit,Cuban,Arcanine,Adamacious,Cletus,PlumpyGoatz,Perceushawk,Lightshifter,Bannabread,Momo,Ante,Gardant,Hanamura,1,2,,4:29,Defense,3.5,Mercy,,,,,,,,,,,,,,,,
12/10/2017,Early Morning,157,,,,-1,L,2635,2635,0,justwingit,Cuban,Arcanine,Adamacious,Cletus,PlumpyGoatz,Perceushawk,Lightshifter,Bannabread,Momo,Ante,Gardant,Hanamura,2,2,,1:23,ATtack,7.5,Mercy,,,,,,,,,,,,,,,,
12/10/2017,Early Morning,157,,,,-1,L,2635,2635,0,justwingit,Cuban,Arcanine,Adamacious,Cletus,PlumpyGoatz,Perceushawk,Lightshifter,Bannabread,Momo,Ante,Gardant,Hanamura,3,0,,0,ATtack,1.5,Mercy,,,,,,,,,,,,,,,,
12/10/2017,Early Morning,157,,,,-1,L,2635,2635,0,justwingit,Cuban,Arcanine,Adamacious,Cletus,PlumpyGoatz,Perceushawk,Lightshifter,Bannabread,Momo,Ante,Gardant,Hanamura,4,1,,1,Defense,3.5,Mercy,,,,,,,,,,,,,,,,
12/11/2017,Early Morning,158,2601,2587,-14,-2,L,2586,2587,1,justwingit,Weeaboo,Silence,Shibui,M12Fl,QWueequeg,TheWreckerr,Rumham,Awake,Siren,Nongmo,Porky2Rules,Gibraltar,1,3,,0,Defense,8,Mercy,,,,,,,,,,,,,,,,
12/11/2017,Early Morning,158,,,,-2,L,2586,2587,1,justwingit,Weeaboo,Silence,Shibui,M12Fl,QWueequeg,TheWreckerr,Rumham,Awake,Siren,Nongmo,Porky2Rules,Gibraltar,2,0,,0,ATtack,4,Moira,,,,,,,,,,,,,,,,
12/11/2017,Early Morning,159,2587,2607,20,1,W,2583,2585,2,Justwingit,Carnivean,Star,Jorgeyyy,Mikethememer,Fenrir,Jezanthapus,Pernix,Unlucky,Radicaled,MrHappy,Salutken,Route 66,1,0,,0,Defense,4,Moira,,,,,,,,,,,,,,,,
12/11/2017,Early Morning,159,,,,1,W,2583,2585,2,Justwingit,Carnivean,Star,Jorgeyyy,Mikethememer,Fenrir,Jezanthapus,Pernix,Unlucky,Radicaled,MrHappy,Salutken,Route 66,2,1,,2,ATtack,2,Moira,,,,,,,,,,,,,,,,
12/11/2017,Early Morning,160,2607,2577,-30,-1,L,2590,2591,1,Justwingit,Ozzosk,Pinklion,Coneb4nger,Starfire,Fenrir,TheMajor,Wilsonian,TimothyDoyle,ScareCrow,SerenityBro,Wakemeup,Numbani,1,3,,3:17,Defense,4.5,Moira,,,,,,,,,,,,,,,,
12/11/2017,Early Morning,160,,,,-1,L,2590,2591,1,Justwingit,Ozzosk,Pinklion,Coneb4nger,Starfire,Fenrir,TheMajor,Wilsonian,TimothyDoyle,ScareCrow,SerenityBro,Wakemeup,Numbani,2,0,,0,ATtack,4,Zarya,,,,,,,,,,,,,,,,
12/11/2017,Early Morning,161,2577,2555,-22,-2,L,2592,2598,6,Justwingit,Tenwall,Wootdaflip,Bitbyabird,NinjaPockets,Zelfan,Wartooth,Bryantyu,Xdszmx,BastionMain,Shua,Skullkiid,JunkerTown,1,2,,0,Defense,8,Mercy,,,,,,,,,,,,,,,,
12/11/2017,Early Morning,161,,,,-2,L,2592,2598,6,Justwingit,Tenwall,Wootdaflip,Bitbyabird,NinjaPockets,Zelfan,Wartooth,Bryantyu,Xdszmx,BastionMain,Shua,Skullkiid,junkerTown,2,0,,0,ATtack,4,Mercy,,,,,,,,,,,,,,,,
12/12/2017,Early Morning,162,2555,2528,-27,-3,L,2536,2537,1,Justwingit,Max,Daddy,Rawrnosaur,Omni,Suhwoosh,Nicksachamp,Pernix,Courrage,Petrified,Axemaster5,Salsaeggs,Numbani,1,2,69.25,0,ATtack,8,Mercy,,,,,,,,,,,,,,,,
12/12/2017,Early Morning,162,,,,-3,L,2536,2537,1,Justwingit,Max,Daddy,Rawrnosaur,Omni,Suhwoosh,Nicksachamp,Pernix,Courrage,Petrified,Axemaster6,Salsaeggs,Numbani,2,3,69.26,1,Defense,7,Mercy,,,,,,,,,,,,,,,,
12/12/2017,Early Morning,163,2528,2505,-23,-4,L,2527,2534,7,Justwingit,Willy4221,Adamantine,Pam,Demitorn,Tomoyomomo,Acegamer,Cl4ptp,Nifter,Flixster,Blitztechz,Quel,Eichenwalde,1,1,,0,ATtack,4,Mercy,,,,,,,,,,,,,,,,
12/12/2017,Early Morning,163,,,,-4,L,2527,2534,7,Justwingit,Willy4221,Adamantine,Pam,Demitorn,Tomoyomomo,Acegamer,Cl4ptp,Nifter,Flixster,Blitztechz,Quel,Eichenwalde,2,2,,3,Defense,5,Mercy,,,,,,,,,,,,,,,,
12/12/2017,Early Morning,164,2505,2529,24,1,W,2477,2480,3,Justwingit,Mcdoodles,Norom,Janef,CorporalDerp,Adamantine,Wrx,Koalatea,Trajinous,Dad,Djeulogical,Stellsack,Ilios,3,2-1,,,CP,10,Lucio,,,,,,,,,,,,,,,,
12/12/2017,Early Morning,165,2529,2552,23,2,W,2541,2542,1,Justwingit,Tesserection,ImagineThat,Nick,Femto,Peterpants,Drp3t3r,Abuelo,Omegaleveled,TheClown,Nvshady,Hbomb,Horizon,1,1,,4:48,ATtack,3.5,Moira,,,,,,,,,,,,,,,,
12/12/2017,Early Morning,165,,,,2,W,2541,2542,1,Justwingit,Tesserection,ImagineThat,Nick,Femto,Peterpants,Drp3t3r,Abuelo,Omegaleveled,TheClown,Nvshady,Hbomb,Horizon,2,2,,4:43,Defense,3.5,Moira,,,,,,,,,,,,,,,,
12/12/2017,Early Morning,165,,,,2,W,2541,2542,1,Justwingit,Tesserection,ImagineThat,Nick,Femto,Peterpants,Drp3t3r,Abuelo,Omegaleveled,TheClown,Nvshady,Hbomb,Horizon,3,1,,0,Defense,4.5,Moira,,,,,,,,,,,,,,,,
12/12/2017,Early Morning,165,,,,2,W,2541,2542,1,Justwingit,Tesserection,ImagineThat,Nick,Femto,Peterpants,Drp3t3r,Abuelo,Omegaleveled,TheClown,Nvshady,Hbomb,Horizon,4,2,,2.5,ATtack,2,Moira,,,,,,,,,,,,,,,,
12/12/2017,Early Morning,166,2552,2528,-24,-1,L,2547,-,-,Justwingit,Repomanzzzz,Banananinja,DickWrangler,Hendy,Jjdawg,Taly,Zach,FoxlovingYou,LauraSalpaca,AngryGrandma,CurlyTailx,Hollywood,1,3,79.06,3:20,Defense,4.5,Moira,,,,,,,,,,,,,,,,
12/12/2017,Early Morning,166,,,,-1,L,2547,-,-,Justwingit,Repomanzzzz,Banananinja,DickWrangler,Hendy,Jjdawg,Taly,Zach,FoxlovingYou,LauraSalpaca,AngryGrandma,CurlyTailx,Hollywood,2,1,,0,ATtack,7,Moira,,,,,,,,,,,,,,,,
12/12/2017,Early Morning,167,2528,2549,21,1,W,2547,-,-,Justwingit,12Characters,Rockalockin,Boltv,Blackdemon,KingJosepi,Corg,MrWanna,Aayamarada,Starbuck,Erinaceous,Tex,Gibraltar,1,0,73.36,0,Defense,4,Moira,,,,,,,,,,,,,,,,
12/12/2017,Early Morning,167,,,,1,W,2547,-,-,Justwingit,12Characters,Rockalockin,Boltv,Blackdemon,KingJosepi,Corg,MrWanna,Aayamarada,Starbuck,Erinaceous,Tex,Gibraltar,2,1,73.37,2,ATtack,2,Moira,,,,,,,,,,,,,,,,
12/12/2017,Early Morning,168,2549,2519,-30,-1,L,2538,2521,-17,Justwingit,Remsquad,Swang,Xotourknif3,Zach,Zero,Guamapi,ArinFox,Gman0099,Teacupturtle,Gmdia3,Steez,Volskaya,1,1,,0,ATtack,8,Moira,Mercy,,,,,,,,,,,,,,,
12/12/2017,Early Morning,168,,,,-1,L,2538,2521,-17,Justwingit,Remsquad,Swang,Xotourknif3,Zach,Zero,Guamapi,ArinFox,Gman0099,Teacupturtle,Gmdia3,Steez,Volskaya,2,2,,5,Defense,3,Mercy,,,,,,,,,,,,,,,,
12/12/2017,Early Morning,169,2519,2499,-20,-2,L,2527,2522,-5,Justwingit,Bromidus,HiddenBanana,Xotourknif3,Zach,Zero,Wateroracle,S8tan,Ihammertime,Ronster,Gawblin,TTW,Route 66,1,3,74.5,0,ATtack,8,Moira,,,,,,,,,,,,,,,,
12/12/2017,Early Morning,169,,,,-2,L,2527,2522,-5,Justwingit,Bromidus,HiddenBanana,Xotourknif3,Zach,Zero,Wateroracle,S8tan,Ihammertime,Ronster,Gawblin,TTW,Route 66,2,3,,,Defense,8,Moira,,,,,,,,,,,,,,,,
12/12/2017,Early Morning,169,,,,-2,L,2527,2522,-5,Justwingit,Bromidus,HiddenBanana,Xotourknif3,Zach,Zero,Wateroracle,S8tan,Ihammertime,Ronster,Gawblin,TTW,Route 66,3,0,43.46,,ATtack,1,Lucio,,,,,,,,,,,,,,,,
12/12/2017,Early Morning,169,,,,-2,L,2527,2522,-5,Justwingit,Bromidus,HiddenBanana,Xotourknif3,Zach,Zero,Wateroracle,S8tan,Ihammertime,Ronster,Gawblin,TTW,Route 66,4,1,43.47,,Defense,1,Moira,,,,,,,,,,,,,,,,
12/12/2017,Early Morning,170,2499,2519,20,1,W,2467,2468,1,Justwingit,Zimba,Clubberlang,Ghostpanter,Keeney11,Therealajc50,FangWolfPack,Duvn,Jpnim,Fikry,Redryder,SquidWardac,Nepal,3,2-1,wlw,,CP,12.5,Zarya,,,,,,,,,,,,,,,,
12/14/2017,NIght,171,2519,2494,-25,-1,L,2539,2502,-37,Justwingit,T4nkz,Santiago,Kanen,Donky,MrPool,KayontheMad,Champagnpapi,Azzume,Brodouglas4,Grymm,Krow,Temple of Anubis,1,1,,0,ATtack,8,Mercy,,,,,,,,,,,,,,,,
12/14/2017,NIght,171,,,,-1,L,2539,2502,-37,Justwingit,T4nkz,Santiago,Kanen,Donky,MrPool,KayontheMad,Champagnpapi,Azzume,Brodouglas4,Grymm,Krow,Temple of Anubis,2,2,,2,Defense,6,Dva,,,,,,,,,,,,,,,,
12/14/2017,NIght,172,2494,2517,23,1,W,2481,2470,-11,Justwingit,Ryuu009,Giygaimpact,Wings,Piggus,Poonslayer77,Stardogg,Wayne049,DemiGod,Sydney,Ambition,Blank,Volskaya,1,1,,0,Defense,,Mercy,,,,,,,,,,,,,,,,
12/14/2017,NIght,172,,,,1,W,2481,2470,-11,Justwingit,Ryuu009,Giygaimpact,Wings,Piggus,Poonslayer77,Stardogg,Wayne049,DemiGod,Sydney,Ambition,Blank,Volskaya,2,2,,5,ATtack,3,Mercy,,,,,,,,,,,,,,,,
12/14/2017,NIght,173,2517,2540,23,2,W,2523,2525,2,Justwingit,WaffleCat,Bleach,Itank4u,Skorne,Triplecam,Whistler,Karuiy,Keepitpc,Oldriver,Banjoman,ThatGuy,JunkerTown,1,3,101.94,1:37,ATtack,6.5,Mercy,,,,,,,,,,,,,,,,
12/14/2017,NIght,173,,,,2,W,2523,2525,2,Justwingit,WaffleCat,Bleach,Itank4u,Skorne,Triplecam,Whistler,Karuiy,Keepitpc,Oldriver,Banjoman,ThatGuy,JunkerTown,2,3,101.94,2:14,Defense,6,Roadhog,,,,,,,,,,,,,,,,
12/14/2017,NIght,173,,,,2,W,2523,2525,2,Justwingit,WaffleCat,Bleach,Itank4u,Skorne,Triplecam,Whistler,Karuiy,Keepitpc,Oldriver,Banjoman,ThatGuy,JunkerTown,3,3,101.94,0,ATtack,6,Mercy,,,,,,,,,,,,,,,,
12/14/2017,NIght,173,,,,2,W,2523,2525,2,Justwingit,WaffleCat,Bleach,Itank4u,Skorne,Triplecam,Whistler,Karuiy,Keepitpc,Oldriver,Banjoman,ThatGuy,JunkerTown,4,1,,0,Defense,3,Mercy,,,,,,,,,,,,,,,,
12/15/2017,Early Morning,174,2540,2562,22,3,W,2539,2538,-1,Justwingit,Jwolf,Deku,Godjiren,Elkabong,Solipsistic,EEE,Crabe,MMMMMMMJuice,Sg1S1laugh1er,RipinPeaches,Spankles,Numbani,1,3,,1,Defense,8,Moira,,,,,,,,,,,,,,,,
12/15/2017,Early Morning,174,,,,3,W,2539,2538,-1,Justwingit,Jwolf,Deku,Godjiren,Elkabong,Solipsistic,EEE,Crabe,MMMMMMMJuice,Sg1S1laugh1er,RipinPeaches,Spankles,Numbani,2,3,,1:40,ATtack,7,Mercy,,,,,,,,,,,,,,,,
12/15/2017,Early Morning,174,,,,3,W,2539,2538,-1,Justwingit,Jwolf,Deku,Godjiren,Elkabong,Solipsistic,EEE,Crabe,MMMMMMMJuice,Sg1S1laugh1er,RipinPeaches,Spankles,Numbani,3,0,,0,Defense,1,Mercy,,,,,,,,,,,,,,,,
12/15/2017,Early Morning,174,,,,3,W,2539,2538,-1,Justwingit,Jwolf,Deku,Godjiren,Elkabong,Solipsistic,EEE,Crabe,MMMMMMMJuice,Sg1S1laugh1er,RipinPeaches,Spankles,Numbani,4,1,,0,ATtack,1,Mercy,,,,,,,,,,,,,,,,
12/15/2017,Early Morning,175,2562,2535,-27,-1,L,2531,2537,6,Justwingit,Tappamastaz,FormulaPanda,K3u,K3xl,Roa,Genesis,Addela,Haruhi,Kai07,KMaliks1,Nugboy,Hanamura,1,2,,4:28,Defense,3.5,Mercy,,,,,,,,,,,,,,,,
12/15/2017,Early Morning,175,,,,-1,L,2531,2537,6,Justwingit,Tappamastaz,FormulaPanda,K3u,K3xl,Roa,Genesis,Addela,Haruhi,Kai07,KMaliks1,Nugboy,Hanamura,2,2,,:30,ATtack,7.5,Orisa,,,,,,,,,,,,,,,,
12/15/2017,Early Morning,175,,,,-1,L,2531,2537,6,Justwingit,Tappamastaz,FormulaPanda,K3u,K3xl,Roa,Genesis,Addela,Haruhi,Kai07,KMaliks1,Nugboy,Hanamura,3,0,,0,ATtack,1,Mercy,,,,,,,,,,,,,,,,
12/15/2017,Early Morning,175,,,,-1,L,2531,2537,6,Justwingit,Tappamastaz,FormulaPanda,K3u,K3xl,Roa,Genesis,Addela,Haruhi,Kai07,KMaliks1,Nugboy,Hanamura,4,1,,1,Defense,4,Mercy,,,,,,,,,,,,,,,,
12/15/2017,Early Morning,176,2535,2513,-22,-2,L,2529,2515,-14,Justwingit,Pharah,JMFX27,Thatreatment,Blooswhosttv,Satribu,Card,Maskstreamrz,Kodaksack,Drropz,Boreal,Fyre,Temple of Anubis,1,1,,0,ATtack,8,Moira,,,,,,,,,,,,,,,,
12/15/2017,Early Morning,176,,,,-2,L,2529,2515,-14,Justwingit,Pharah,JMFX27,Thatreatment,Blooswhosttv,Satribu,Card,Maskstreamrz,Kodaksack,Drropz,Boreal,Fyre,Temple of Anubis,2,2,,1,Defense,7,Moira,,,,,,,,,,,,,,,,
12/15/2017,Early Morning,177,2513,2513,0,0,Draw,2519,2539,20,Justwingit,Freakitiki,Shroffurself,AtDynasty,Batwind,Wakigi,TheMilkman06,Superfly,Kariix7,Frostoww,Tr4zer,Orinkzz,Eichenwalde,1,0,,0,Defense,4,Moira,,,,,,,,,,,,,,,,
12/15/2017,Early Morning,177,,,,0,Draw,2519,2539,20,Justwingit,Freakitiki,Shroffurself,AtDynasty,Batwind,Wakigi,TheMilkman06,Superfly,Kariix7,Frostoww,Tr4zer,Orinkzz,Eichenwalde,2,0,,0,ATtack,4,Moira,,,,,,,,,,,,,,,,
12/15/2017,Early Morning,178,2513,2533,20,1,W,2516,2521,5,Justwingit,Shroffurself,T10000Days,AtDynasty,Batwind,Wakigi,Freakitiki,TheMilkman06,Orikzz,Dab,Sherman,Thelabeast,Horizon,1,2,,6:18,ATtack,2.5,Moira,,,,,,,,,,,,,,,,
12/15/2017,Early Morning,178,,,,1,W,2516,2521,5,Justwingit,Shroffurself,T10000Days,AtDynasty,Batwind,Wakigi,Freakitiki,TheMilkman07,Orikzz,Dab,Sherman,Thelabeast,Horizon,2,0,,0,Defense,4,Moira,,,,,,,,,,,,,,,,
12/15/2017,Early Morning,179,2533,2558,25,2,W,2529,2527,-2,Justwingit,Ghost,Coricat,WakyTaffy,TahanksJeff,Cowslikeqras,Fox,Surname,Chax,Zyonal,T10000Days,Cyanio,Gibraltar,1,2,81.31,0,Defense,8,Mercy,,,,,,,,,,,,,,,,
12/15/2017,Early Morning,179,,,,2,W,2529,2527,-2,Justwingit,Ghost,Coricat,WakyTaffy,TahanksJeff,Cowslikeqras,Fox,Surname,Chax,Zyonal,T10000Days,Cyanio,Gibraltar,2,3,81.32,1,ATtack,7,Mercy,,,,,,,,,,,,,,,,
12/16/2017,Evening,180,2558,2580,22,3,W,2560,2531,-29,Justwingit,Civengineer,Tampabayfan,BigFoot1989,Unknown,Trillkill,Vaporsnipez,Lastassassin,SilentStorm,Soulread,Alinakim,Luxford,Gibraltar,1,3,88.69,2:48,Defense,5,Moira,,,,,,,,,,,,,,,,
12/16/2017,Evening,180,,,,3,W,2560,2531,-29,Justwingit,Civengineer,Tampabayfan,BigFoot1990,Unknown,Trillkill,Vaporsnipez,Lastassassin,SilentStorm,Soulread,Alinakim,Luxford,Gibraltar,2,1,,0,ATtack,7,Moira,,,,,,,,,,,,,,,,
12/16/2017,Evening,181,2580,2605,25,4,W,2587,2593,6,Justwingit,Fox,Plsnojunkrat,Noxus,Raward,Silverrayray,DesignJC,Scubidu,Captainamari,Popopowuwuwu,Ruan,TwinkieBoi,Ilios,2,2-0,ww,,CP,6.5,Lucio,,,,,,,,,,,,,,,,
12/16/2017,Evening,182,2605,2581,-24,-1,L,2606,2588,-18,Justwingit,Fox,Plsnojunkrat,Raward,Silverrayray,Mightyowl,Tampabayfan,Anavn,ImcolorBlind,Kibblism,Same,Yalz,Oasis,2,0-2,ll,,CP,10,Moira,Zen,,,,,,,,,,,,,,,
12/16/2017,Evening,183,2581,2557,-24,-2,L,2581,2585,4,Justwingit,ChiefOdareef,Blasha,KingVulpini,Buddyyttv,Thestanktank,Tacokitty,Boilerupdave,Craving,GMegubestgirl,PencilPusher,Yoosten,Nepal,3,1-2,wll,,CP,14,Moira,,,,,,,,,,,,,,,,
12/18/2017,Night,184,2557,2577,20,1,W,2545,2540,-5,Justwingit,Senpai,Formulaq,Veldt,Nozering,Pjammer,Billfz,KingsCrownhd,Boomerisba,Limerox666,Nightingale,Wahatscards,Numbani,1,2,53.62,0,ATtack,8,Moira,,,,,,,,,,,,,,,,
12/18/2017,Night,184,,,,1,W,2545,2540,-5,Justwingit,Senpai,Formulaq,Veldt,Nozering,Pjammer,Billfz,KingsCrownhd,Boomerisba,Limerox666,Nightingale,Wahatscards,Numbani,2,2,,0,Defense,8,Mercy,,,,,,,,,,,,,,,,
12/18/2017,Night,185,2577,2603,26,2,W,2650,2645,-5,Justwingit,ElatedLlama,MightyBeast,smkpikachu,Fourroses,Jello,Dread,Dad,Miller17,Chowda,Ellusion,Luwi,Ilios,2,2-0,ww,,CP,10,Lucio,Mercy,,,,,,,,,,,,,,,
12/18/2017,Night,186,2603,2573,-30,-1,L,2667,2658,-9,Justwingit,ElatedLlama,Rhino,Fillazer,Creamofslop,Mcwho,Samsung,Hundal,Yandr,AhastyPastry,Jebediah,Pangolin,Lijang,3,1-2,wll,,CP,14,Zarya,,,,,,,,,,,,,,,,
12/18/2017,Night,187,2573,2605,32,1,W,2588,2589,1,Justwingit,LionVorax245,Plasmatic,HappyPants,Bisquicks,JonnyCarnage,Bananisher,Elendil,Anadroj,Berxor,Nova,OKaberintaro,King's Row,1,1,,0,Defense,7,Mercy,,,,,,,,,,,,,,,,
12/18/2017,Night,187,,,,1,W,2588,2589,1,Justwingit,LionVorax245,Plasmatic,HappyPants,Bisquicks,JonnyCarnage,Bananisher,Elendil,Anadroj,Berxor,Nova,OKaberintaro,King's Row,2,2,,1,ATtack,6,Mercy,,,,,,,,,,,,,,,,
12/18/2017,Night,188,2605,2632,27,2,W,2605,2586,-19,Justwingit,Otakukid,Epilogue,HappyPants,Cooterlooter,Shuffle,Kygolover,Pinoybooty,Stevepowers,Vectorz,Bindyculkin,Vespertine,Volskaya,1,2,,2:55,Defense,,Moira,,,,,,,,,,,,,,,,
12/18/2017,Night,188,,,,2,W,2605,2586,-19,Justwingit,Otakukid,Epilogue,HappyPants,Cooterlooter,Shuffle,Kygolover,Pinoybooty,Stevepowers,Vectorz,Bindyculkin,Vespertine,Volskaya,2,2,,4:36,ATtack,,Moira,,,,,,,,,,,,,,,,
12/18/2017,Night,188,,,,2,W,2605,2586,-19,Justwingit,Otakukid,Epilogue,HappyPants,Cooterlooter,Shuffle,Kygolover,Pinoybooty,Stevepowers,Vectorz,Bindyculkin,Vespertine,Volskaya,3,1,,0,Defense,3,Moira,,,,,,,,,,,,,,,,
12/18/2017,Night,188,,,,2,W,2605,2586,-19,Justwingit,Otakukid,Epilogue,HappyPants,Cooterlooter,Shuffle,Kygolover,Pinoybooty,Stevepowers,Vectorz,Bindyculkin,Vespertine,Volskaya,4,2,,1,ATtack,3.5,Moira,,,,,,,,,,,,,,,,
12/19/2017,Night,189,2632,2655,23,3,W,2647,2646,-1,Justwingit,Zlugragh,Cat,Irudium,Legalize,Neko!,Babbages,TheJanitor,Skross,Keyboardhero,Casper,Jvmes,Horizon,1,2,,5:19,Defense,2.5,Moira,,,,,,,,,,,,,,,,
12/19/2017,Night,189,,,,3,W,2647,2646,-1,Justwingit,Zlugragh,Cat,Irudium,Legalize,Neko!,Babbages,TheJanitor,Skross,Keyboardhero,Casper,Jvmes,Horizon,2,2,,2:46,ATtack,5,Mercy,,,,,,,,,,,,,,,,
12/19/2017,Night,189,,,,3,W,2647,2646,-1,Justwingit,Zlugragh,Cat,Irudium,Legalize,Neko!,Babbages,TheJanitor,Skross,Keyboardhero,Casper,Jvmes,Horizon,3,2,,0:34,ATtack,3,Mercy,,,,,,,,,,,,,,,,
12/19/2017,Night,189,,,,3,W,2647,2646,-1,Justwingit,Zlugragh,Cat,Irudium,Legalize,Neko!,Babbages,TheJanitor,Skross,Keyboardhero,Casper,Jvmes,Horizon,4,2,,1:37,Defense,4,Mercy,,,,,,,,,,,,,,,,
12/19/2017,Night,189,,,,3,W,2647,2646,-1,Justwingit,Zlugragh,Cat,Irudium,Legalize,Neko!,Babbages,TheJanitor,Skross,Keyboardhero,Casper,Jvmes,Horizon,5,1,,0,ATtack,1,Mercy,,,,,,,,,,,,,,,,
12/19/2017,Night,189,,,,3,W,2647,2646,-1,Justwingit,Zlugragh,Cat,Irudium,Legalize,Neko!,Babbages,TheJanitor,Skross,Keyboardhero,Casper,Jvmes,Horizon,6,0,,0,Defense,1,Mercy,,,,,,,,,,,,,,,,
12/19/2017,Night,190,2655,2627,-28,-1,L,2665,2631,-34,Justwingit,Sbladei,ugetwrekd,Macks,Sentrus,Jiahongh,Sharq,Demise14,PigFF,Kamsa,Bigtmoose,Droo,Numbani,1,3,71.71,3:43,Defense,4,Moira,,,,,,,,,,,,,,,,
12/19/2017,Night,190,,,,-1,L,2665,2631,-34,Justwingit,Sbladei,ugetwrekd,Macks,Sentrus,Jiahongh,Sharq,Demise14,PigFF,Kamsa,Bigtmoose,Droo,Numbani,2,2,0,0,ATtack,8,Mercy,,,,,,,,,,,,,,,,
12/19/2017,Night,191,2627,2608,-19,-2,L,2641,2628,-13,Justwingit,Mimithy,Aux,Sbladei,Jiahongh,Kamsa,kirintoudou,Ugetwrekd,Scifinova,Psyril,Keyboardhero,Ante,Eichenwalde,1,0,,0,ATtack,4,Mercy,Moira,,,,,,,,,,,,,,,
12/19/2017,Night,191,,,,-2,L,2641,2628,-13,Justwingit,Mimithy,Aux,Sbladei,Jiahongh,Kamsa,kirintoudou,Ugetwrekd,Scifinova,Psyril,Keyboardhero,Ante,Eichenwalde,2,1,,1,Defense,3,Mercy,,,,,,,,,,,,,,,,
12/19/2017,Night,192,2608,2586,-22,-3,L,2587,2560,-27,Justwingit,Sugarfoot,Freeze,CheesyDezy,Omegablitz,Skillnbones,Fightaboutit,Ripper,Fuchs,Clyde,Krandob,OProSpero,Hanamura,1,2,,0,ATtack,8,Moira,,,,,,,,,,,,,,,,
12/19/2017,Night,192,,,,-3,L,2587,2560,-27,Justwingit,Sugarfoot,Freeze,CheesyDezy,Omegablitz,Skillnbones,Fightaboutit,Ripper,Fuchs,Clyde,Krandob,OProSpero,Hanamura,2,2,,4,Defense,4,Moira,Lucio,,,,,,,,,,,,,,,
12/19/2017,Night,192,,,,-3,L,2587,2560,-27,Justwingit,Sugarfoot,Freeze,CheesyDezy,Omegablitz,Skillnbones,Fightaboutit,Ripper,Fuchs,Clyde,Krandob,OProSpero,Hanamura,3,1,,1,Defense,3,Mercy,,,,,,,,,,,,,,,,
12/19/2017,Night,193,2586,2610,24,1,W,2574,2581,7,Justwingit,Sbrandon,Basshudcb,Jocriss,Lilith,Thelegend27,SunnyBunny,NarutoFan,SakalakingDa,ZanyDruid,Asterohking,MightyCorn,Temple of Anubis,1,2,,1:04,Defense,7,Moira,,,,,,,,,,,,,,,,
12/19/2017,Night,193,,,,1,W,2574,2581,7,Justwingit,Sbrandon,Basshudcb,Jocriss,Lilith,Thelegend27,SunnyBunny,NarutoFan,SakalakingDa,ZanyDruid,Asterohking,MightyCorn,Temple of Anubis,2,2,,2:36,ATtack,5.5,Moira,,,,,,,,,,,,,,,,
12/19/2017,Night,193,,,,1,W,2574,2581,7,Justwingit,Sbrandon,Basshudcb,Jocriss,Lilith,Thelegend27,SunnyBunny,NarutoFan,SakalakingDa,ZanyDruid,Asterohking,MightyCorn,Temple of Anubis,3,1,,0,Defense,1.5,Moira,,,,,,,,,,,,,,,,
12/19/2017,Night,193,,,,1,W,2574,2581,7,Justwingit,Sbrandon,Basshudcb,Jocriss,Lilith,Thelegend27,SunnyBunny,NarutoFan,SakalakingDa,ZanyDruid,Asterohking,MightyCorn,Temple of Anubis,4,2,,0,ATtack,3,Moira,,,,,,,,,,,,,,,,
12/19/2017,Night,194,2610,2633,23,2,W,2584,2597,13,Justwingit,Dodstep,Syn,Kornkob,Whatadrag,Willaf,Nnnnnnnb,Kingmorpheus,Basshudcb,Realreptus,Sway,Water,Dorado,1,3,85.75,0,ATtack,8,Mercy,,,,,,,,,,,,,,,,
12/19/2017,Night,194,,,,2,W,2584,2597,13,Justwingit,Dodstep,Syn,Kornkob,Whatadrag,Willaf,Nnnnnnnb,Kingmorpheus,Basshudcb,Realreptus,Sway,Water,Dorado,2,2,,0,Defense,8,Mercy,,,,,,,,,,,,,,,,
12/22/2017,Evening,195,2633,2655,22,3,W,2645,2644,-1,Justwingit,Lumit,Vanilla,BoxxyTrixx,Leguardian,Rippsta,Jasz,Kac,Mra,Zaxger,Boskib,Hero,Nepal,2,2-0,ww,,CP,6,Moira,,,,,,,,,,,,,,,,
,,196,2655,2682,27,4,W,2656,2654,-2,Justwingit,TheLitran,Fruit,Cyborg009,Bosikb,Hero,nator313,Tedyh,Vanilla,Trent,Leguardian,Rippsta,Temple of Anubis,1,2,,5:33,ATtack,2.5,Moira,,,,,,,,,,,,,,,,
,,196,,,,4,W,2656,2654,-2,Justwingit,TheLitran,Fruit,Cyborg009,Bosikb,Hero,nator313,Tedyh,Vanilla,Trent,Leguardian,Rippsta,Temple of Anubis,2,1,,0,Defense,8,Moira,,,,,,,,,,,,,,,,
,,197,2682,2658,-24,-1,L,2640,2639,-1,Justwingit,JayChou,FoolyCoolys,DoctorCowman,Smoke,Daddy,Lunchbox,Zimmy,HitmanCometh,Flurry,BigPapayean,Hero,Hanamura,1,0,,0,ATtack,4,Moira,,,,,,,,,,,,,,,,
,,197,,,,-1,L,2640,2639,-1,Justwingit,JayChou,FoolyCoolys,DoctorCowman,Smoke,Daddy,Lunchbox,Zimmy,HitmanCometh,Flurry,BigPapayean,Hero,Hanamura,2,1,,1,Defense,3,Moira,,,,,,,,,,,,,,,,
,,198,2658,2634,-24,-2,L,2648,2650,2,Justwingit,BuddyHawks,Anduin,Fifonito,Xtran,Illusion,Jibenazu,Dink,Fireking,GrapeSodea,Sesshomaru67,Blade,JunkerTown,1,2,95.24,0,ATtack,8,Moira,,,,,,,,,,,,,,,,
,,198,,,,-2,L,2648,2650,2,Justwingit,BuddyHawks,Anduin,Fifonito,Xtran,Illusion,Jibenazu,Dink,Fireking,GrapeSodea,Sesshomaru67,Blade,JunkerTown,2,3,95.25,0.5,Defense,7.5,Moira,,,,,,,,,,,,,,,,
,,199,2634,2613,-21,-3,L,2628,2660,32,Justwingit,Devil,Mini,Dg06,Gordongekko,Sequoia,Illusion,Jibenazu,Scharth,Chacotaco7,Gtohan,Gtolin,Ilios,3,2-1,,,CP,12,Lucio,Moira,,,,,,,,,,,,,,,
,,200,2613,2589,-24,-4,L,2591,2594,3,Justwingit,MrPerfect,TheMixer,Lad13Rook,Paragon,WiggleButt,Otacon,Areeb,Aimlock,Thewasian,Baked,Maryjane,Dorado,1,1,64.18,0,ATtack,7,Moira,,,,,,,,,,,,,,,,
,,200,,,,-4,L,2591,2594,3,Justwingit,MrPerfect,TheMixer,Lad13Rook,Paragon,WiggleButt,Otacon,Areeb,Aimlock,Thewasian,Baked,Maryjane,Dorado,2,2,64.19,2,Defense,5,Zen,,,,,,,,,,,,,,,,
,,201,2589,2568,-21,-5,L,2577,2569,-8,Justwingit,BigDrambo,JackintheBox,Jinzilla,Kronos,Jinkxed,BigLeft,Ferinity,Socersteven,Narcindin,BlackMercy,X68xnekox69x,Route 66,1,2,74.1,0,Defense,8,Zarya,,,,,,,,,,,,,,,,
,,201,,,,-5,L,2577,2569,-8,Justwingit,BigDrambo,JackintheBox,Jinzilla,Kronos,Jinkxed,BigLeft,Ferinity,Socersteven,Narcindin,BlackMercy,X68xnekox69x,Route 66,2,3,,0,ATtack,8,Zen,,,,,,,,,,,,,,,,
,,202,2568,2541,-27,-6,L,-,-,-,Justwingit,Captainuopon,Aaron,Bamfs,Perplexed,TimtheFatman,Mcroob,Amaterasu,Xsligunx,Monz,Sharkbait,Where'sWaldo,Oasis,2,0-2,ll,0,CP,10,Mercy,,,,,,,,,,,,,,,,
,,203,2541,2517,-24,-7,L,2531,2524,-7,Justwingit,Weaponshold,Iloveuu,Akaiyama,Jkell,Zazie,Kiabbo,Shakiller,Cardis,DiddyBedank,Fijiboy,Fijisippin,Hollywood,1,0,,0,ATtack,4,Moira,,,,,,,,,,,,,,,,
,,203,,,,-7,L,2531,2524,-7,Justwingit,Weaponshold,Iloveuu,Akaiyama,Jkell,Zazie,Kiabbo,Shakiller,Cardis,DiddyBedank,Fijiboy,Fijisippin,Hollywood,2,1,,2,Defense,2,Moira,,,,,,,,,,,,,,,,
,,204,2517,2490,-27,-8,L,2536,-,-,Justwingit,Evergearkom,SteveHarvey,Hudaifa,Cactus,Ext,Birds,Hej,Glenroh,HemoGoblin,Realdope101,Spamkos,Lijang,3,1-2,llw,,CP,12.5,Zarya,,,,,,,,,,,,,,,,
,,205,2490,2462,-28,-9,L,2486,2491,5,Justwingit,Belfour,Caanan,Calara,Hakumei,Zamtin,Gannon,ElonyBear,Frijolero,JayDev,MyFaullt,NatetheGreat,Gibraltar,1,3,,1:12,Defense,7,Mercy,,,,,,,,,,,,,,,,
,,205,,,,-9,L,2486,2491,5,Justwingit,Belfour,Caanan,Calara,Hakumei,Zamtin,Gannon,ElonyBear,Frijolero,JayDev,MyFaullt,NatetheGreat,Gibraltar,2,0,,0,ATtack,4,Mercy,,,,,,,,,,,,,,,,
,,206,2462,2487,25,1,W,2479,2468,-11,Justwingit,Dukdukdrue,Alexydoesow,Quirkyork,Catnap,Snidzz,Halfjapo,Wonders,Hofferpuff,Draco,DJHezzy,Speg,Hanamura,1,1,,0,ATtack,8,Mercy,,,,,,,,,,,,,,,,
,,206,,,,1,W,2479,2468,-11,Justwingit,Dukdukdrue,Alexydoesow,Quirkyork,Catnap,Snidzz,Halfjapo,Wonders,Hofferpuff,Draco,DJHezzy,Speg,Hanamura,2,0,0,,Defense,4,Mercy,,,,,,,,,,,,,,,,
,,207,2487,2512,25,2,W,2463,2491,28,Justwingit,Draco,JLfish,EnjoyFreelo,BoucnyBunny,Zachinthebox,Dukdukdrue,Azzume,MySelfasme,Starbuck,OOrxnge,TeamFlexx,Numbani,1,2,,0,ATtack,8,Mercy,,,,,,,,,,,,,,,,
,,207,,,,2,W,2463,2491,28,Justwingit,Draco,JLfish,EnjoyFreelo,BoucnyBunny,Zachinthebox,Dukdukdrue,Azzume,MySelfasme,Starbuck,OOrxnge,TeamFlexx,Numbani,2,1,,0,Defense,7,Mercy,,,,,,,,,,,,,,,,
,,208,2512,2491,-21,-1,L,2537,2534,-3,Justwingit,AgentLee,Kamui,Chengbang,Moon,Septicrumble,Archon,Deathblossom,Quirkyork,Jade!,Casey,Jupiter,Horizon,1,2,,3:18,Defense,4.5,Mercy,,,,,,,,,,,,,,,,
,,208,,,,-1,L,2537,2534,-3,Justwingit,AgentLee,Kamui,Chengbang,Moon,Septicrumble,Archon,Deathblossom,Quirkyork,Jade!,Casey,Jupiter,Horizon,2,1,,0,ATtack,8,Mercy,,,,,,,,,,,,,,,,
,,209,2491,2514,23,1,W,2474,2476,2,Justwingit,JlFish,Streamline,Firsthunter,NuggetBoom,Pundee13,ToeTag,Yohane,Penguinrex09,zzzz,Irock,LordBradence,Ilios,2,2-0,ww,,CP,10,Mercy,,,,,,,,,,,,,,,,